stamp;dig
PALFO;dig10
FPAT;dig11
MLPIC;dig7
MLPIC;dig7
QVCVIR;dig12
SCLH;dig6
MLPIG;dig5
MLPIG;dig5
VIRCIN;dig8
VIRCIN;dig8
SCLT;dig7
SCLT;dig7
SCLT;dig2
VIRT;dig9
FCAV;dig5
MAT;dig11
MAT;dig11
SNR;dig8
SNR;dig8
SNR;dig8
SNR;dig8
SNR;dig12
SNR;dig12
SNR;dig12
SNR;dig12
SNR;dig12
SNR;dig12
SNR;dig12
SNR;dig12
SNR;dig12
SNR;dig12
SNR;dig12
SNR;dig12
SNR;dig12
SNR;dig12
SNR;dig12
SNR;dig12
SNR;dig12
SNR;dig12
SNR;dig12
SNR;dig12
SNR;dig12
SNR;dig12
SNR;dig12
SNR;dig12
SNR;dig12
SNR;dig12
SNR;dig12
SNR;dig12
SNR;dig12
SNR;dig1
SNR;dig1
SNR;dig1
SNR;dig1
SNR;dig1
SNR;dig1
TREBECIANO;dig5
FMFP;dig4
FMFP;dig4
FMFP;dig5
FMFP;dig5
FMFP;dig5
FMFP;dig5
FMFP;dig5
FMFP;dig7
FMFP;dig7
FMFP;dig7
FMFP;dig11
FMFP;dig3
FMFP;dig3
BEL;dig12
FMFA;dig2
FMFA;dig2
LSE;dig11
LFCFP;dig5
LFCFP;dig11
LFCFP;dig11
NCCRESC;dig7
GRA;dig10
GRA;dig11
GRA;dig11
GRA;dig11
FCERARA;dig11
FMFP;dig5
LFCCAE;dig10
LSACV;dig4
LSACV;dig11
LC;dig11
AEMEN;dig5
CORCLE;dig1
CORCLE;dig1
ROMVLVSF;dig7
CTYC;dig10
PNN;dig4
PNN;dig4
PNN;dig4
PNN;dig4
PNN;dig4
PNN;dig4
PNN;dig4
PNN;dig4
PNN;dig4
PNN;dig4
PNN;dig4
PNN;dig4
PNN;dig4
PNN;dig4
PNN;dig4
PNN;dig4
PNN;dig4
PNN;dig4
PNN;dig4
PNN;dig4
PNN;dig4
PNN;dig4
PNN;dig4
PNN;dig4
PNN;dig5
PNN;dig5
PNN;dig5
PNN;dig5
PNN;dig5
PNN;dig5
PNN;dig5
PNN;dig5
PNN;dig5
PNN;dig6
PNN;dig7
PNN;dig7
PNN;dig7
PNN;dig11
PNN;dig11
PNN;dig11
PNN;dig11
PNN;dig11
PNN;dig11
PNN;dig11
PNN;dig11
PNN;dig11
PNN;dig11
PNN;dig11
PNN;dig11
PNN;dig11
PNN;dig11
PNN;dig11
PNN;dig11
PNN;dig11
PNN;dig11
PNN;dig11
PNN;dig11
PNN;dig11
PNN;dig11
PNN;dig11
PNN;dig11
PNN;dig11
PNN;dig11
PNN;dig11
PNN;dig11
PNN;dig11
PNN;dig11
PNN;dig11
PNN;dig11
PNN;dig11
PNN;dig11
PNN;dig11
PNN;dig11
PNN;dig11
PNN;dig11
PNN;dig11
PNN;dig11
PNN;dig11
PNN;dig11
PNN;dig11
PNN;dig11
PNN;dig11
PNN;dig11
PNN;dig11
PNN;dig11
PNN;dig11
PNN;dig11
PNN;dig11
PNN;dig3
PNN;dig3
PNN;dig3
ARAXIFM;dig3
ARAXIFM;dig3
QFFC;dig10
FIGBAR;dig4
FIGBAR;dig4
FIGBAR;dig4
FIGBAR;dig5
FIGBAR;dig11
SAL;dig8
OFGRAROP;dig11
OFGRAROP;dig11
ASYLLFELIC;dig8
SSCF;dig8
APM;dig11
IIAVRHERACLAEPATETFILFCEPAR;dig11
AKAKOY;dig12
AKAKOY;dig12
LFCCVFCAT;dig10
AFK;dig5
CTYC;dig6
CTYC;dig8
CTYC;dig8
AEMEN;dig11
MFEPAPHRODI;dig12
MFEPAPHRODI;dig12
IVLIA;dig7
CIALB;dig6
CIALB;dig6
CIALB;dig6
CIALB;dig6
CIALB;dig8
CIALB;dig2
CIALB;dig2
CIALB;dig2
CIALB;dig2
CIALB;dig2
CIALB;dig2
CIALB;dig2
CIALB;dig2
CIALB;dig2
CIALB;dig2
QPPHRI;dig9
QAF;dig10
QAF;dig10
XIIIIHP;dig5
XIIIIHP;dig5
XIIIIHP;dig11
MMCSVR;dig8
MMCSVR;dig12
MMCSVR;dig12
MMCSVR;dig12
MMCSVR;dig12
PPAC;dig7
PPAA;dig5
LFCRDFN;dig11
GAVFL;dig11
GAVFL;dig3
PMM;dig5
PAS;dig7
PAT;dig11
PAT;dig11
PAT;dig11
PAT;dig11
PAT;dig11
PAT;dig11
PAT;dig11
QIAF;dig10
QIAS;dig11
QIAS;dig11
QIAS;dig11
QIAS;dig11
QIAS;dig11
QIAS;dig11
DOM;dig12
PQFF;dig2
IIIENNIIVL;dig2
IIIENNIIVL;dig2
IIIENNIIVL;dig2
SAXXOFER;dig12
FCAV;dig3
IIIENNIIVL;dig2
LF;dig11
CICVTE;dig1
DOMS;dig8
DOMS;dig8
DOMS;dig8
DOMS;dig12
DOMS;dig12
DOMS;dig12
DOMS;dig1
DOMS;dig1
DOMS;dig1
CALISTI;dig5
CALISTI;dig5
EVHELP;dig4
EVHELP;dig11
VICT;dig5
VICT;dig11
PAT;dig11
SAXFRCAELVARI;dig11
QIAFC;dig7
QIAFC;dig7
LQS;dig10
CNAEC;dig6
LCMY;dig5
LCMY;dig5
LCMY;dig5
LCMY;dig5
LCMY;dig5
LCMY;dig5
LCMY;dig7
LCMY;dig7
LCMY;dig7
LCMY;dig7
LCMY;dig7
LCMY;dig7
LCMY;dig7
LCMY;dig7
LCMY;dig7
LCMY;dig7
LCMY;dig7
LCMY;dig7
LCMY;dig7
LCMY;dig7
LCMY;dig7
LCMY;dig7
LCMY;dig7
LCMY;dig3
LCMY;dig3
LCMY;dig3
LCMY;dig3
LCMY;dig3
LCMY;dig3
LCMY;dig3
LCMY;dig3
LCMY;dig3
LCMY;dig3
LCMY;dig3
LCMY;dig3
LCMY;dig3
LCMY;dig3
LCMY;dig3
LCMY;dig3
LCMY;dig3
LCMY;dig3
QIAFS;dig8
QIAFS;dig12
QIAFS;dig12
QIAFS;dig11
SABCVACMV;dig8
SABCVACMV;dig8
LQA;dig11
C;dig7
C;dig8
C;dig11
LCM;dig5
SLFCL;dig2
LIMFP;dig11
VICTOR;dig4
VICTOR;dig5
DO;dig10
FOIAS;dig11
EROTIS;dig5
EROTIS;dig7
LFCCVCAT;dig4
LFCCVCAT;dig4
CA;dig8
CV;dig5
APFS;dig4
APFS;dig11
APFS;dig11
FIGCEP;dig4
PORTO;dig4
PORTO;dig4
PORTO;dig4
PORTO;dig11
SAXFBRCAELVARI;dig11
SCIMNIANI;dig11
GLPVDE;dig2
QIMFN;dig8
QIMFN;dig8
QIMFN;dig8
QIMFN;dig12
QIMFN;dig12
QIMFN;dig12
QIMFN;dig12
QIMFN;dig12
QIMFN;dig1
TAN;dig10
CIIVIH;dig10
SAXOFERRI;dig6
SAXOFERRI;dig8
SAXOFERRI;dig9
SAXOFERRI;dig10
SAXOFERRO;dig2
SAXOFERRO;dig2
SAXOFERRO;dig2
LFCVFS;dig11
LFCVFS;dig11
LFCDP;dig11
IIIENNIIVL;dig6
IIIENNIIVL;dig6
FTREBECIANI;dig8
HERMO;dig4
CELER;dig4
CELER;dig4
CELER;dig4
CELER;dig11
QPPHRYQPP;dig9
QCCCI;dig8
QCCCI;dig8
QCCCI;dig8
PSDL;dig2
MATDFMARSIANESSES;dig11
MATDFMARSIANESSES;dig11
PARVA;dig11
IVLEGN;dig12
LCQA;dig10
LFBCOL;dig11
FQAR;dig4
FQAR;dig4
FQAR;dig4
FQAR;dig4
FQAR;dig4
CAPF;dig7
CAPF;dig7
CAPF;dig7
CAPF;dig3
CAFFM;dig1
PMOCVFIGEDO;dig4
QMS;dig7
QMS;dig7
QMS;dig12
QMS;dig3
QMS;dig3
QMR;dig12
QMR;dig12
QMR;dig12
QMR;dig2
QMC;dig5
VIAI;dig10
AMICI;dig7
QCV;dig11
LFCCO;dig11
ASVLFVSC;dig8
LFCCV;dig11
QCI;dig6
QCI;dig8
QCI;dig8
QCI;dig8
QCM;dig8
SCL;dig8
FINETOY;dig12
LMRLMP;dig1
LIVNIMELISSIP;dig5
FVNBELRPI;dig1
FIRMI;dig4
FIRMI;dig3
SCA;dig1
IIMINACRETCAL;dig4
IIMINACRETCAL;dig4
IIMINACRETCAL;dig4
IIMINACRETCAL;dig5
ISVIRG;dig5
ISVIRG;dig7
ISVIRG;dig7
ISVIRG;dig7
ISVIRG;dig3
ISVIRG;dig3
ISVIRG;dig3
CALLISTVSF;dig7
CALLISTVSF;dig7
CALLISTVSF;dig7
CALLISTVSF;dig7
CALLISTVSF;dig7
LIDIFITAL;dig10
MATDEFICNASMARSI;dig4
MATDEFICNASMARSI;dig4
MATDEFICNASMARSI;dig4
MATDEFICNASMARSI;dig4
MATDEFICNASMARSI;dig4
MATDEFICNASMARSI;dig4
MATDEFICNASMARSI;dig4
MATDEFICNASMARSI;dig4
LFCCVFCAT;dig4
CMA;dig6
CMA;dig6
CMA;dig6
CMA;dig6
CMA;dig6
IIIENNIIVL;dig2
IIIENNIIVL;dig2
SIIP;dig11
CANRVF;dig2
MS;dig11
MS;dig11
MS;dig11
MS;dig11
MS;dig11
DOM;dig12
DOM;dig1
DOM;dig11
MCFRIGD;dig8
MCFRIGD;dig9
MCFRIGD;dig9
LIS;dig11
MCFRIGI;dig9
F;dig11
SALS;dig5
QIMF;dig6
QIMF;dig6
QIMF;dig12
QIMF;dig2
QIMF;dig2
VITALIS;dig4
FPATERNI;dig7
FPATERNI;dig3
QIMS;dig12
QIMS;dig12
LASFIC;dig2
LASFIC;dig2
DIONI;dig4
DIONI;dig4
DIONI;dig4
DIONI;dig4
DIONI;dig4
FIBAR;dig4
CIMASECA;dig10
FLFBARI;dig7
AVG;dig4
AVG;dig5
CERC;dig4
CERC;dig5
RIVESQIAFS;dig6
VICTORICI;dig5
CERARIA;dig7
LIT;dig4
LIT;dig4
LIT;dig5
LIT;dig7
LIT;dig7
LIT;dig7
LIT;dig7
LIT;dig7
LIT;dig3
LIT;dig3
LIT;dig11
LIT;dig11
LIT;dig11
LIT;dig11
LIT;dig11
LIT;dig11
LIT;dig11
LIT;dig11
LIT;dig11
LIT;dig11
LIT;dig11
LIT;dig11
LIT;dig11
LIT;dig11
LIT;dig11
LIT;dig11
LIS;dig11
LIS;dig11
LIS;dig11
LIS;dig11
LIS;dig11
LIS;dig11
LIS;dig11
LIS;dig11
NICXIII;dig11
HERACLETFILFMAR;dig11
FIGVLGEMESILVINIL;dig4
TAN;dig10
IIIENNIIVL;dig2
III;dig10
PNNF;dig4
PNNF;dig4
PNNF;dig4
PNNF;dig4
PNNF;dig4
PNNF;dig4
PNNF;dig4
PNNF;dig5
PNNF;dig5
PNNF;dig5
PNNF;dig5
PNNF;dig11
PNNF;dig11
VIRII;dig8
VIRII;dig8
VIRG;dig11
MMACSVR;dig1
MMACSVR;dig1
PNN;dig5
IIIMINICIOR;dig11
IIIMINICIOR;dig11
IIIVNIMELISSIETMELISSE;dig5
IIIVNIMELISSIETMELISSE;dig5
IIIVNIMELISSIETMELISSE;dig5
IIIVNIMELISSIETMELISSE;dig5
IIIVNIMELISSIETMELISSE;dig5
IIIVNIMELISSIETMELISSE;dig5
IIIVNIMELISSIETMELISSE;dig5
IIIVNIMELISSIETMELISSE;dig5
IIIVNIMELISSIETMELISSE;dig5
IIIVNIMELISSIETMELISSE;dig5
IIIVNIMELISSIETMELISSE;dig5
IIIVNIMELISSIETMELISSE;dig11
IIIVNIMELISSIETMELISSE;dig11
IIIVNIMELISSIETMELISSE;dig11
IIIVNIMELISSIETMELISSE;dig11
LFCABAB;dig2
LFCABAB;dig2
LFCABAB;dig2
LFCABAB;dig2
SER;dig12
SER;dig12
NCLEVT;dig11
FIGEDPPAEF;dig7
FIGEDPPAEF;dig3
LPAEOA;dig5
LPAEOA;dig7
LPAEOA;dig7
LPAEOA;dig7
LPAEOA;dig3
IIMINACRETCAL;dig4
IIMINACRETCAL;dig4
FICBAR;dig4
DC;dig10
PMFA;dig5
PMFA;dig5
QERV;dig3
IIIENNIIVL;dig6
IIIENNIIVL;dig6
IIIENNIIVL;dig6
IIIENNIIVL;dig6
PQPRIX;dig2
PM;dig11
MCLS;dig7
MCLS;dig3
MIRT;dig12
SAXFER;dig8
IVLDAVGN;dig11
MC;dig7
BELL;dig11
CMISC;dig8
FMFP;dig5
VIRIIII;dig6
VIRIIII;dig6
VIRIIII;dig6
IIIMINICIOR;dig4
PCICL;dig9
LIVNIMELISSI;dig4
LIVNIMELISSI;dig4
LIVNIMELISSI;dig4
LIVNIMELISSI;dig4
LIVNIMELISSI;dig5
LIVNIMELISSI;dig5
LIVNIMELISSI;dig11
LIVNIMELISSI;dig11
LIVNIMELISSI;dig11
FSC;dig5
FSC;dig7
FSC;dig3
FSC;dig3
FPATERNI;dig11
PER;dig4
PCSSCVMARIA;dig11
ARVASALS;dig7
GRA;dig4
GRA;dig4
PNNFIGMED;dig4
PNNFIGMED;dig4
LIT;dig11
CAECOR;dig9
IIIENNIVL;dig8
IIIENNIVL;dig8
FCECARA;dig11
IIQQETCF;dig5
LFC;dig6
LFC;dig6
LFC;dig6
PERSEI;dig11
FCVCV;dig11
DIA;dig8
DIA;dig12
DIA;dig11
QNDFAB;dig12
ILFT;dig4
ILFT;dig4
ILFT;dig4
ILFT;dig4
ILFT;dig4
ILFT;dig4
ILFT;dig4
ILFT;dig4
ILFT;dig4
QVCCF;dig5
PCLODIICELI;dig10
PNN;dig11
NRVFIP;dig10
PNN;dig4
PNN;dig4
PNN;dig5
PNN;dig11
SVBVLCI;dig5
PCLICELI;dig11
TM;dig11
ISMILOF;dig7
ISMILOF;dig7
ISMILOF;dig7
ISMILOF;dig7
ISMILOF;dig3
ISMILOF;dig3
FINE;dig11
MACCVT;dig11
QMCALIADIS;dig11
MFQF;dig12
LCANTP;dig8
LCANTP;dig12
LCANTP;dig1
LCANTP;dig1
LCANTP;dig11
DATSCOL;dig12
DATSCOL;dig12
DATSCOL;dig12
PAT;dig11
NN;dig10
QCI;dig8
CONSFC;dig4
FPAT;dig4
FPAT;dig4
FPAT;dig4
FPAT;dig4
QIAF;dig9
LFDCOL;dig3
FPATERNI;dig11
FBA;dig11
DEFBA;dig5
DIONYS;dig5
GENETIV;dig5
GENETIV;dig5
GENETIV;dig5
GENETIV;dig5
GENETIV;dig11
MAXC;dig11
SIR;dig12
AVGG;dig11
PRIM;dig11
EVTYC;dig4
EVTYC;dig5
EVTYC;dig5
POPVLI;dig4
POPVLI;dig4
POPVLI;dig4
POPVLI;dig4
POPVLI;dig4
POPVLI;dig4
POPVLI;dig4
POPVLI;dig4
POPVLI;dig4
POPVLI;dig5
TAM;dig8
TAM;dig12
TAM;dig1
TAM;dig1
TAM;dig1
TAM;dig1
BELICI;dig12
VIBIO;dig12
VIBIO;dig12
IIIFFIILVP;dig4
IIIFFIILVP;dig4
GSACI;dig12
ACIRGI;dig5
SVCCESS;dig11
SVCCESS;dig11
AVCGICV;dig11
DONATI;dig5
CISVII;dig11
LFC;dig5
LFT;dig4
LFT;dig4
LIDFITALICAE;dig12
LIDFITALICAE;dig1
LIDFITALICAE;dig1
QMR;dig11
GMMF;dig7
GMMF;dig3
FMFP;dig5
FMFP;dig5
FIGMED;dig4
FIGMED;dig4
FIGMED;dig4
FIGMED;dig4
FIGMED;dig4
FIGMED;dig4
FIGMED;dig4
FIGMED;dig4
FIGMED;dig4
FIGMED;dig4
FIGMED;dig4
NICXI;dig11
CAS;dig4
CAS;dig4
CAS;dig4
CAS;dig4
CAS;dig5
CAS;dig5
CAP;dig4
CAP;dig4
CAP;dig4
CAP;dig4
CAP;dig4
CAP;dig4
CAP;dig4
CAP;dig4
CAP;dig4
CAP;dig4
CAP;dig4
CAP;dig4
CAP;dig4
CAP;dig4
CAP;dig4
CAP;dig4
CAP;dig4
CAP;dig4
CAP;dig4
CAP;dig4
CAP;dig4
CAP;dig5
CAP;dig5
CAP;dig11
AVGGG;dig11
AVGGG;dig11
CAI;dig1
EVTYCH;dig11
CMLIC;dig12
PIRPOR;dig2
PCAGCAP;dig8
VIC;dig10
CTPOM;dig8
FSFB;dig5
FSFB;dig5
FIGLINATREBECIANO;dig11
FIGLINATREBECIANO;dig11
AELFO;dig8
SEPT;dig11
SECVND;dig7
SECVND;dig10
SECVND;dig11
SECVND;dig11
L;dig10
VIRG;dig6
VIRG;dig6
VIRG;dig6
VIRG;dig7
VIRG;dig7
VIRG;dig8
VIRG;dig8
VIRG;dig8
VIRG;dig8
VIRG;dig8
VIRG;dig8
VIRG;dig3
VIRG;dig3
VIRG;dig3
MATDEFIGLINASMARSIA;dig5
MATDEFIGLINASMARSIA;dig5
LFCCVFSCAT;dig5
LFCCVFSCAL;dig5
SAXOFER;dig8
SAXOFER;dig8
FMFP;dig5
CIALBF;dig6
DITR;dig11
QFN;dig2
QFG;dig6
QFG;dig11
QFC;dig6
QFC;dig6
QFC;dig6
QFC;dig6
QFC;dig6
QFC;dig6
QFC;dig8
QFC;dig8
QFC;dig2
QFC;dig2
QFC;dig2
QFC;dig2
QFC;dig2
QFC;dig10
QFC;dig10
PNN;dig11
CIALB;dig6
CIALB;dig2
ASVLEANOLL;dig2
ASVLEANOLL;dig2
PRISCI;dig2
ENNIIVL;dig9
MAEMETPI;dig10
LIDFITALICAE;dig8
CAEIFB;dig1
CAEIFB;dig1
CAEIFB;dig1
FMFP;dig5
LSPBOEQ;dig10
ISCALIF;dig3
FCEPA;dig11
LFMF;dig7
PVALTEFA;dig7
PVALTEFA;dig3
LFCCVFSCV;dig5
EQFA;dig12
EQFA;dig12
EQFA;dig12
EQFA;dig12
EQFA;dig12
CCVS;dig11
LIDFI;dig10
CTYC;dig9
MFF;dig8
MFK;dig10
MFK;dig11
MEDIANAE;dig7
MFR;dig8
MFS;dig5
MFS;dig8
MFS;dig8
MFS;dig12
MFS;dig12
MFS;dig3
GEM;dig7
IIIMINICIOR;dig11
BVRB;dig11
FLORI;dig4
IIMVSAPS;dig2
HER;dig11
LFCSENTI;dig4
LFCSENTI;dig4
LFCSENTI;dig5
XMB;dig11
N;dig8
SAXFERFTV;dig8
SAXFERFTV;dig8
PMPS;dig2
MILONF;dig5
MILONF;dig7
MILONF;dig7
MILONF;dig3
MILONF;dig3
MILONF;dig3
MILONF;dig3
MILONF;dig3
MILONF;dig3
LIVNIMELISSI;dig4
ACIRGIF;dig11
ACIRGIF;dig11
LFCRDEP;dig11
LVN;dig4
PMOCVF;dig4
QNDPHI;dig8
QNDPHI;dig12
QNDPHI;dig10
QIMF;dig12
QNDPRIM;dig12
LVPXIIII;dig11
QNDPRI;dig12
MFSGNQIAFSEN;dig11
QIMFS;dig1
MAIQ;dig7
FXIII;dig5
PANRVF;dig2
PANRVF;dig2
PANRVF;dig2
LOA;dig10
LIDFITAL;dig1
O;dig8
O;dig8
O;dig10
LIDFITA;dig8
NCCHREST;dig3
IVN;dig8
CAEFFM;dig12
CAEFFM;dig12
CAEFFM;dig12
TFAMV;dig4
TFAMV;dig4
TFAMV;dig4
TFAMV;dig4
TFAMV;dig4
TFAMV;dig4
TFAMV;dig4
TFAMV;dig5
TFAMV;dig5
SALS;dig7
SALS;dig7
SALS;dig3
AVRIHERACEPATGR;dig11
ACHB;dig8
ACHB;dig8
ACHB;dig8
ACHB;dig1
QSASER;dig8
QSASER;dig12
QSASER;dig1
QSASER;dig1
POPVLI;dig10
IIQAETS;dig7
IIQAETS;dig3
MLII;dig10
QMFS;dig5
DFTR;dig5
PCICELI;dig6
PCICELI;dig8
PCICELI;dig8
PCICELI;dig8
PCICELI;dig8
PCICELI;dig11
PCAEHER;dig6
PCAEHER;dig2
PCAEHER;dig2
PCICELI;dig10
BVRB;dig4
BVRB;dig11
LAEL;dig12
LAEL;dig1
QSABEL;dig8
QSABEL;dig8
QSABEL;dig12
LAEF;dig7
LAEF;dig7
CPC;dig12
MEEVPO;dig2
MEEVPO;dig2
MEEVPO;dig2
MEEVPO;dig2
MEEVPO;dig2
PMOCVFIGEDO;dig4
PMOCVFIGEDO;dig4
PMOCVFIGEDO;dig4
PMOCVFIGEDO;dig4
PMOCVFIGEDO;dig4
LVCRE;dig4
IIMIN;dig4
LIMELISSICI;dig5
IE;dig3
MIM;dig10
HERMESF;dig7
HERMESF;dig7
HERMESF;dig7
HERMESF;dig7
DORI;dig7
LAL;dig8
LAL;dig6
LAL;dig12
LAL;dig12
LAL;dig12
LAL;dig12
LAL;dig12
LAL;dig12
LAL;dig12
LAL;dig1
LAF;dig5
LAF;dig7
LAF;dig7
LAF;dig3
LIT;dig11
QAEAD;dig6
RIVES;dig5
QFATS;dig12
FXIIII;dig5
FXIIII;dig5
FXIIII;dig5
QVIFS;dig11
QFRMED;dig11
LIDFITA;dig8
QVINTI;dig5
PRVNICIANI;dig4
PRVNICIANI;dig4
PRVNICIANI;dig4
MATDFMARSIANESSES;dig3
SMP;dig3
FM;dig5
LFC;dig10
PARVA;dig11
PARVA;dig11
PARVA;dig11
PCLODICELI;dig8
PCLODICELI;dig8
PCLODICELI;dig10
PCLODICELI;dig10
MVS;dig7
MVS;dig7
MVS;dig7
AEMEVP;dig7
AEMEVP;dig3
AEMEVP;dig3
FSCIMNIANO;dig4
FSCIMNIANI;dig11
FSCIMNIANI;dig11
FSCIMNIANI;dig11
ALF;dig10
CAEFM;dig1
QESVSV;dig5
QESVSV;dig5
QESVSV;dig5
QFC;dig10
SCAL;dig10
SCAL;dig10
ABA;dig11
ABA;dig11
ABA;dig11
LMVE;dig2
LMVE;dig2
LMVE;dig2
LMVE;dig2
LMVE;dig2
LMVE;dig2
FXIIIII;dig11
OPTATIF;dig5
ENNIVLI;dig9
LFCCVFS;dig5
LFCCVFS;dig5
LFCCVFS;dig5
LFCCVFS;dig5
LFCCVFS;dig5
LFCCVFS;dig11
LFCCVFS;dig11
LFCCVFS;dig11
LFCCVFS;dig11
LFCCVFS;dig11
LFCCVFP;dig5
LFCCVFP;dig5
LFCCVFP;dig7
LFCCVFP;dig7
LFCCVFP;dig7
LFCCVFP;dig7
LFCCVFP;dig3
LFCCVFP;dig3
LFCCVFP;dig3
LFCCVFP;dig3
LFCCVFP;dig3
MCFRI;dig12
LFCCVFC;dig4
LFCCVFC;dig5
LFCCVFM;dig4
LFCCVFM;dig5
LFCCVFM;dig11
LFCCVFM;dig11
LFCCVFM;dig11
QMAS;dig7
SPSE;dig1
PARVA;dig11
LFCRDEP;dig11
LPO;dig8
LIMFPATE;dig5
LIMFPATE;dig5
LVPXII;dig11
RIVES;dig7
RIVES;dig7
RIVES;dig7
RIVES;dig7
RIVES;dig3
RIVES;dig3
VICTORINI;dig3
VICTORINI;dig3
FLOS;dig5
FLOS;dig5
FLOS;dig5
FLOS;dig5
FLOS;dig5
FRIGD;dig9
MHASCL;dig11
CSP;dig2
BAIS;dig5
BAIS;dig5
CMARP;dig3
GRADOS;dig4
GRADOS;dig5
GRADOS;dig11
GRADOS;dig11
LFFG;dig5
LFFG;dig7
LFFG;dig7
LFFG;dig7
LFFG;dig7
LFFG;dig7
LFFG;dig7
LFFG;dig7
LFFG;dig3
LFFG;dig3
LFFG;dig3
LFFG;dig3
LFFG;dig3
LFFG;dig3
LFFG;dig3
LFFG;dig3
LFFG;dig3
LFFG;dig3
MAEMRVS;dig10
LFFC;dig5
LFFC;dig5
LFFC;dig5
LFFC;dig5
LFFC;dig8
MCOR;dig9
LFFV;dig7
LFFV;dig7
LFFV;dig5
LFFV;dig5
LFFV;dig5
LFFV;dig3
LFFV;dig3
LFFV;dig3
LFFV;dig11
LISILVEST;dig11
VMFC;dig8
VMFC;dig12
VMFC;dig12
CAS;dig4
CAS;dig4
CAS;dig4
CAS;dig4
VIRGIN;dig2
VIRGIN;dig10
VIRGIN;dig10
LFFCAL;dig6
BAIS;dig5
BAIS;dig5
MFC;dig4
QPPHRYXI;dig6
GRADO;dig5
QIVLINIGRI;dig2
MAEMRVS;dig6
MAEMRVS;dig2
MAEARIKICIANI;dig10
QFC;dig9
MCS;dig7
MCS;dig7
MCS;dig7
MCS;dig7
MCS;dig7
MCS;dig7
MCS;dig7
MCS;dig3
MCS;dig3
MCS;dig3
IIIENNIIVL;dig2
IIIENNIIVL;dig2
LQR;dig5
LQS;dig7
LQS;dig7
LQS;dig7
LQS;dig3
LQS;dig3
LQS;dig11
LQS;dig11
LQS;dig11
ACIRGI;dig4
ACIRGI;dig7
ACIRGI;dig7
ACIRGI;dig10
ACIRGI;dig10
ACIRGI;dig3
LQA;dig4
LQA;dig4
LQA;dig5
LQA;dig11
LQA;dig11
LQA;dig11
SÍMBOLO;dig11
CEFP;dig6
CEFP;dig2
CEFP;dig2
CEFP;dig2
CEFP;dig2
SAXXOFERREO;dig12
SAXXOFERREO;dig12
GAPF;dig5
PMOCVFIGEDO;dig4
PMOCVFIGEDO;dig4
PMOCVFIGEDO;dig5
PMOCVFIGEDO;dig11
EQFAT;dig12
EQFAT;dig12
FBELI;dig12
FBELI;dig12
FBELI;dig1
FBELI;dig1
FBELI;dig1
IIIENNIORIVLIOR;dig8
IIIENNIORIVLIOR;dig11
IIIENNIORIVLIOR;dig9
CRA;dig4
CRA;dig4
CRA;dig4
CRA;dig4
CRA;dig5
CRA;dig5
CRA;dig5
CRA;dig8
DFTRBT;dig3
ARVA;dig4
ARVA;dig11
ARVA;dig11
ARVA;dig11
FICCRV;dig4
FBELLI;dig12
CAS;dig4
LCP;dig7
LCM;dig7
LCM;dig7
MQFF;dig5
MQFF;dig12
MQFF;dig12
MQFF;dig1
MQFF;dig1
FCCVFPAC;dig5
CELERINI;dig5
SCALES;dig6
ALFO;dig12
ALFO;dig12
ALFO;dig12
ALFO;dig12
ALFO;dig12
ALFO;dig8
ALFO;dig8
ALFO;dig8
ALFO;dig8
ALFO;dig1
ALFO;dig1
ALFO;dig1
ALFO;dig1
QSASC;dig8
QSASC;dig1
QSASC;dig1
MFEPAPHRODITI;dig1
VIRAV;dig1
VIRAV;dig1
CALLIS;dig4
CALLIS;dig4
CALLIS;dig5
CALLIS;dig7
CALLIS;dig11
CALLIS;dig11
RVFIPO;dig6
SCAL;dig12
SCAL;dig12
SCAL;dig2
PPC;dig7
PPC;dig7
PPC;dig7
AFV;dig9
GAF;dig5
GAF;dig12
TAN;dig10
HRM;dig4
PQAR;dig8
QSSATVRNINI;dig2
QSSATVRNINI;dig2
VIRGIN;dig2
TIV;dig2
QNDAND;dig12
QNDAND;dig8
QIM;dig7
QIM;dig7
QIM;dig7
QIM;dig7
QIM;dig7
QIM;dig7
QIM;dig7
QIM;dig7
QIM;dig3
QIM;dig3
QIM;dig3
QIM;dig3
QIM;dig3
QIM;dig3
THERTHY;dig5
FPATERNI;dig5
FPATERNI;dig5
FPATERNI;dig5
QIA;dig1
LFFC;dig5
LSLS;dig2
LSLS;dig2
IICLM;dig8
LLF;dig7
SAXOFERREO;dig7
SAXOFERREO;dig12
SAXOFERREO;dig12
SAXOFERREO;dig12
SAXOFERREO;dig12
SAXOFERREO;dig12
SAXOFERREO;dig12
SAXOFERREO;dig12
SAXOFERREO;dig12
SAXOFERREO;dig12
SAXOFERREO;dig1
SAXOFERREO;dig1
SAXOFERREO;dig1
SAXOFERREO;dig1
LIS;dig11
AVGNNN;dig11
AQFVA;dig8
AQFVA;dig8
AQFVA;dig1
AQFVA;dig1
PMV;dig7
PMV;dig7
PMS;dig7
PMS;dig8
FELIC;dig2
FELIC;dig2
FELIC;dig2
FELIC;dig2
FELIC;dig2
FELIC;dig2
FEL;dig4
QNDPRI;dig12
GNACOR;dig8
GNACOR;dig8
GNACOR;dig8
GNACOR;dig8
PVFAVSTINI;dig6
PVFAVSTINI;dig2
PVFAVSTINI;dig2
PVFAVSTINI;dig2
PVFAVSTINI;dig2
PVFAVSTINI;dig2
CFPP;dig11
EFPO;dig6
EFPO;dig8
MFFB;dig7
FCVCVM;dig4
FCVCVM;dig4
FCVCVM;dig4
FCVCVM;dig4
FCVCVM;dig11
CIB;dig2
MSP;dig7
CIS;dig5
LFCRDEP;dig11
PCHO;dig8
PCHO;dig12
PCHO;dig12
PCHO;dig12
PCHO;dig2
LIDFITAL;dig12
ASVLE;dig4
ASVLE;dig11
ASVLE;dig11
ASVLE;dig11
LIDFITA;old
LIDFITA;old
LIDFITA;old
LIDFITA;old
LIDFITA;old
LIDFITA;old
LIDFITA;old
LIDFITA;old
LIDFITA;old
KVFIGGRVMCOLSICETASI;old
LIDFITA;old
LIDFITA;old
LIDFITA;old
LIDFITA;old
LIDFITA;old
LIDFITA;old
LIDFITA;old
LIDFITA;old
LIDFITA;old
LIDFITA;old
LIDFIT;old
LIDFIT;old
LIDFIT;old
LIDFIT;old
ABA;old
ABA;old
ABA;old
ABA;old
ABA;old
SAC;old
SAC;old
SAC;old
GAF;old
GAF;old
LAFLACP;old
LAFP;old
NAF;old
NAF;old
NAF;old
NAF;old
NAF;old
NAF;old
FGRV;old
NAF;old
NAF;old
NAF;old
QAGEMELLI;old
QAGEMELLI;old
FGRV;old
PAHSCALH;old
CAI;old
CAI;old
LAL;old
FGRV;old
LAL;old
LAL;old
LAL;old
LAL;old
LAL;old
LAL;old
LAL;old
LAL;old
LAL;old
LAL;old
FGRV;old
LAL;old
LAL;old
LAL;old
LAL;old
LAL;old
LAL;old
LAL;old
LAL;old
LAL;old
LAL;old
FGRV;old
LAL;old
LAL;old
LAL;old
TAM;old
TAM;old
TAM;old
TAM;old
TAM;old
FGRV;old
TAM;old
TAM;old
TAM;old
TAM;old
TAM;old
TAM;old
CAMA;old
CANXIII;old
CANXIII;old
FGRV;old
TAN;old
TAN;old
TAN;old
TAN;old
CAP;old
CAP;old
FGRV;old
CAP;old
CAP;old
CAP;old
CAP;old
CAP;old
CAP;old
CAP;old
CAP;old
CAP;old
CAP;old
FGRV;old
CAP;old
CAP;old
CAP;old
CAP;old
CAP;old
CAP;old
CAP;old
CAP;old
CAP;old
CAP;old
CAP;old
CAP;old
CAP;old
CAP;old
CAP;old
CAP;old
CAP;old
MSMACIRGI;old
NAP;old
LAPAE;old
ACIRGIF;old
PORLAR;old
FQAR;old
FQAR;old
FQAR;old
QAR;old
QAR;old
QARP;old
QARP;old
QARP;old
ACIRGIF;old
QARP;old
QARP;old
AS;old
MAS;old
APM;old
MAS;old
AT;old
ACIRGIF;old
MAT;old
MAT;old
MAT;old
MAT;old
MAT;old
MAT;old
MATB;old
ACIRGIF;old
PAI;old
PAI;old
PAI;old
FCAV;old
FIGMED;old
FCAV;old
SALSA;old
FCAV;old
GAVFL;old
PCLICELI;old
GAVFL;old
ACIRGIF;old
GAVFL;old
GAVFL;old
GAVFL;old
GAVFL;old
GAVFL;old
GAVFL;old
CLMF;old
GAVFL;old
GAVFL;old
ABA;old
ACIRGIF;old
ABA;old
IIICCLMM;old
CLLIMI;old
QAEAD;old
QAEAD;old
CAEFFM;old
CAEFFM;old
ACIRGIF;old
CAEFFM;old
CAEFFM;old
CAELIFB;old
CAELIFB;old
CAELIFB;old
LAEL;old
LAEL;old
LAEL;old
LAELPHO;old
LAELPHO;old
LAEL;old
LAEMAROL;old
ACIRGIF;old
QAEOPO;old
QAEOPO;old
QAEOPCOL;old
MAEARIFICIANI;old
MAEARIFICIANI;old
MAEARIFICIANI;old
ACIRGIF;old
AELFO;old
AELFO;old
AELFO;old
AELFO;old
AELFO;old
AELFO;old
AELFO;old
AELFO;old
AELFO;old
AELFO;old
AELFO;old
AELFO;old
AELFO;old
AELFO;old
AELFO;old
AELFO;old
AELFO;old
AELFO;old
AELFO;old
ACIRGI;old
AELFO;old
AELFO;old
AELFO;old
AELFO;old
AELFO;old
AELFO;old
AELFO;old
AELFO;old
ACIRGI;old
MAELALEX;old
QAELIMINICIANI;old
AEMEVP;old
AEMEVP;old
AEMEVP;old
AEMEVP;old
ACIRGI;old
AEMEVP;old
AEMEVP;old
MAEME;old
ACIRGI;old
MAEMRVS;old
MAEMRVS;old
MAEMRVS;old
MAEMRVS;old
MAEMRVS;old
MAEMRVS;old
AETIAELI;old
AGRICOLAE;old
ACIRGI;old
AGRICOLAE;old
FALBLIC;old
FALBLIC;old
FALBLIC;old
FALBLIC;old
ALBMFNARCACIRC;old
PCICELI;old
ALBMFNARCACIRC;old
ALBMFNARCACIRC;old
LANTEISVRI;old
CANTONIQVIETI;old
ANTONIQVET;old
GANTQVIÊTI;old
ANTVLLE;old
ANTVLLE;old
ACIPGI;old
CAPF;old
AARIVL;old
ARAXIFM;old
ARAXIFM;old
ARAXIFM;old
ARAXIFM;old
ARAXIFM;old
ACIRC;old
ARAXIFM;old
ARAXIFM;old
ARAXIFM;old
ARAXIFM;old
ARNA;old
ARNA;old
ARNA;old
ACIRG;old
ARNA;old
ARNA;old
ARNA;old
ARNA;old
APNA;old
APNA;old
APNN;old
APNN;old
APNN;old
APNN;old
FIGASVLEIANESES;old
APNN;old
PARVA;old
PARVA;old
PARVA;old
PARVA;old
PARVA;old
PARVA;old
PARVA;old
PARVA;old
ARVA;old
ARVA;old
ARVA;old
ARVA;old
ARVA;old
ARVA;old
ARVA;old
ARAA;old
ARCAPDVIC;old
ARCAPDVIC;old
ARCAPDVIC;old
PAI;old
CAP;old
CAP;old
ARVP;old
CAP;old
CAP;old
CAP;old
CAP;old
CAP;old
CAP;old
CAP;old
CAP;old
CAP;old
CAP;old
ATPR;old
CAP;old
CAP;old
CAP;old
FQAR;old
CAS;old
CAS;old
CAS;old
DATSCOL;old
CAS;old
CAS;old
MAS;old
TAM;old
TAM;old
MATDEFIGNASMARSI;old
DATSCOL;old
MATDEFIGNASMARSI;old
AVGGGNNN;old
AVGGGNNN;old
AVGGGNNN;old
ARAXIFM;old
DATSCOL;old
ARVP;old
ASVLE;old
ASVLE;old
ASVLE;old
ASV;old
FIGB;old
CALLI;old
CALLIS;old
DATSCOL;old
CALLIS;old
FIGCEP;old
FIGCEP;old
FCVCVM;old
FCVCVM;old
FCVCVM;old
DATSCOL;old
FCVCVM;old
EVTYCESF;old
EVTYC;old
DFBAE;old
DATSCOL;old
LFCRESC;old
LFCCVCAT;old
LFCCVCAT;old
LFCCVCAT;old
LFCCVCAT;old
LFCCVFCAT;old
LFCCVFM;old
DATSCOL;old
LFCCVFM;old
LFCCVFM;old
LFCCVFS;old
LFCCVFS;old
LFCCVFS;old
LFCCVFS;old
LFCCVFS;old
DATSCOL;old
LFCCVFS;old
LFCCVFS;old
PNN;old
DFF;old
DFF;old
LFFG;old
LFFG;old
PFLOG;old
IIIFFIILVP;old
DATSCOL;old
IIIFFIILVP;old
IIIFFIILVP;old
IFFIILVPI;old
IIIFFIILVP;old
TFAMV;old
TFAM`V;old
TFAMV;old
FMFP;old
DATSCOL;old
FMFP;old
FMFPF;old
FMFP;old
FMFP;old
FIRM;old
FLORI;old
FLORI;old
FLORI;old
FIGVLGEMESILVINI;old
DATSCOL;old
FIGVLGEMELVALERIANI;old
GERMANI;old
HERMO;old
QIAS;old
QIAS;old
FSCIMNIANO;old
LIVNIMELISSI;old
LIVNIMELIISSI;old
DATSCOL;old
LIMELISSICI;old
ILFT;old
ILFT;old
ILFT;old
ILFT;old
ILFT;old
ILFT;old
DATSCOL;old
IVLTI;old
IVCVNDINI;old
LEONINI;old
PMOCVFIGEDO;old
DATSCOL;old
PMOCVFIGEDO;old
FIGMED;old
FIGMED;old
PNN;old
FIGMED;old
DATSCOL;old
FIGMED;old
FIGMED;old
FIGMED;old
FIGMED;old
FIGMED;old
FIGMED;old
LNDEVTICI;old
QNIQN;old
PNN;old
DATSCOL;old
PNN;old
PNN;old
PNN;old
PNN;old
PNN;old
PNN;old
PNN;old
PNN;old
DATSCOL;old
PNN;old
PNN;old
PNN;old
PNN;old
PNN;old
PNN;old
PNNAR;old
PNNAR;old
PNNF;old
DATSCOL;old
PNNF;old
PNNF;old
PNNF;old
PNNF;old
PNNF;old
PNNF;old
PNNF;old
DATSCOL;old
PNNN;old
PNNN;old
PNNS;old
PNSIS;old
CONSFC;old
OPTATIF;old
OPTATIF;old
DATSCOL;old
SPPNN;old
FPATERNI;old
FPAT;old
FPAT;old
FPAT;old
FPAT;old
FPAT;old
FPAT;old
FPAT;old
DATSCOL;old
FPAT;old
POPVLI;old
POPVLI;old
PORTO;old
POPVLI;old
DATSCOL;old
PORTO;old
PORTO;old
PORTO;old
PORTO;old
PRVNICI;old
PRVNICIANI;old
LQA;old
DATSCOL;old
GRA;old
GRA;old
GRA;old
GRA;old
GRA;old
GRA;old
GRA;old
GRA;old
DATSCOL;old
GRA;old
GRA;old
GRA;old
GRADOS;old
GRADOS;old
GRADOS;old
OFGRAROP;old
ROMVLI;old
QSABEL;old
FSCIMNIANO;old
DATSCOL;old
SECVND;old
VICTORI;old
CECV;old
DATSCOL;old
HGQR;old
FO;old
H;old
DATSCOL;old
DATSCOL;old
DATSCOL;old
DATSCOL;old
DATSCOL;old
DATSCOL;old
DATSCOL;old
DATSCOL;old
DATSCOL;old
DATSCOL;old
DATSCOL;old
DATSCOL;old
DATSCOL;old
DATSCOL;old
DATSCOL;old
DATSCOL;old
DATSCOL;old
TATILIASIATICI;old
TAASIATICI;old
ATTENIAECYTONIDIS;old
ATTENIAECYTONIDIS;old
AVR;old
AVR;old
LAVRENT;old
SAC;old
AVRSTR;old
AVRSTR;old
FBFST;old
BABP;old
BABP;old
BABP;old
BAIS;old
BALF;old
BALF;old
BALF;old
BALF;old
FBELLI;old
BELLI;old
BELLI;old
BELLI;old
BELLI;old
BELLI;old
BELLI;old
BELLI;old
BELLI;old
BERQ;old
BVRB;old
BVRB;old
BVRB;old
BVRB;old
BVRB;old
BVRB;old
FC;old
FC;old
FC;old
LCANTP;old
LCANTP;old
LCANTP;old
LCANTP;old
LCANTP;old
LCANTP;old
LCANTP;old
LCANTP;old
LCANTP;old
MCC;old
MCC;old
QCCC;old
QCCF;old
QCCO;old
QCCO;old
AVGGGNNN;old
LCF;old
MCFRC;old
MCFRC;old
MCFRC;old
MCFRIGIDI;old
MCFRIGIDI;old
MCFRIGIDI;old
LCH;old
LCH;old
LCH;old
LCH;old
LCH;old
FSCIMNIANO;old
LCHE;old
LCHE;old
LCHE;old
LCHE;old
LCHE;old
LCHE;old
LCHE;old
PCHO;old
PCHO;old
CVB;old
LVC;old
PCHO;old
QVCVIR;old
SVCC;old
LVF;old
PVOCCC;old
PCHO;old
CVVA;old
CVVA;old
CVVA;old
PCHO;old
PCHO;old
LVALTROPHIMI;old
LVALTROPHIMI;old
LTROPHIM;old
PCHO;old
LVIBICHROM;old
PCHO;old
DCIAN;old
DCIAN;old
DCIAN;old
SCL;old
LAGER;old
CAI;old
LAL;old
SCLF;old
LAEL;old
TAM;old
TAM;old
TAM;old
TAM;old
QARP;old
CAELIFB;old
CAELFB;old
LCANTP;old
LCANTP;old
ACHB;old
ACHB;old
CORCLE;old
EQFA;old
MQFF;old
SCLH;old
MQFF;old
FBELI;old
FBELI;old
FBELI;old
FVNBELRPI;old
QIA;old
CICVTE;old
QIMFN;old
QIMFS;old
LIDFITALICAE;old
SCLH;old
LIDFITA;old
LIDFITALICAE;old
ALFO;old
ALFO;old
ALFO;old
ALFO;old
QMR;old
QMR;old
SNR;old
SNR;old
SNR;old
SNR;old
SNR;old
SNR;old
SNR;old
DOMS;old
DOMS;old
DOMS;old
DOM;old
SCLT;old
AQFVA;old
AQFVA;old
LSPBOEQ;old
QSASER;old
QSASER;old
QSASC;old
QSASC;old
SCLT;old
SAXOFERREO;old
SAXXOFERREO;old
SCA;old
VIRAV;old
VIRAV;old
CMTC;old
SCLT;old
CM;old
PCAESINGRI;old
LCM;old
LCM;old
LCM;old
LCM;old
LCM;old
LCM;old
LCM;old
LCM;old
LCM;old
LCM;old
LCM;old
LCM;old
LCM;old
LCMY;old
LCMY;old
LCMY;old
LCMY;old
LCMY;old
LCMY;old
LCMY;old
LCMY;old
LCMY;old
LCMY;old
LCMY;old
LCMY;old
LCMY;old
LCMY;old
LCMY;old
LCMY;old
LCMY;old
LCMY;old
LCMY;old
LCMY;old
LCMY;old
LCMY;old
QCM;old
QCM;old
QCM;old
QCM;old
QCM;old
AVGGGNNN;old
QCM;old
QCM;old
FCN;old
FCN;old
CCNS;old
CCNS;old
CCNS;old
CCNS;old
CCNS;old
CCNS;old
CCNS;old
CCNS;old
MCVAR;old
LCO;old
LCO;old
FCP;old
FCP;old
QCR;old
LCSPC;old
MCS;old
MCS;old
MCS;old
MCS;old
MCS;old
MCS;old
PCAEHER;old
CALLISTVSF;old
CALISTF;old
CALLIS;old
CALLIS;old
TANP;old
CARNVF;old
PAR;old
PANRVF;old
PANRVF;old
CALLIS;old
LASFIC;old
LASFIC;old
QEOPO;old
MAELIC;old
MAEMRVS;old
ASVLEIANOLL;old
ASVLEIANOLL;old
PCHO;old
SCLT;old
LCM;old
CALL;old
LCM;old
PCAEHER;old
PCAEHER;old
PCAEHER;old
PCAEHER;old
MEEVRO;old
MEEVRO;old
CALPC;old
CEFP;old
CEFP;old
CEFP;old
CEFP;old
IIIENNIVL;old
IIIENNIIVL;old
IIIENNIIVL;old
IIIENNIIVL;old
IIIENNIVL;old
IIIENNIIVL;old
IIIENNIVL;old
IIIENNIIVL;old
IIIENNIIVL;old
IIIENNIORIVLSAE;old
QFC;old
CALPVRNB;old
QFC;old
QFC;old
QFC;old
QFC;old
LFCABAB;old
LFCABAB;old
LFCARES;old
CALPVRNB;old
LFCARES;old
PQFF;old
QFN;old
FMFA;old
FMFA;old
FMFA;old
FELIC;old
FELIC;old
FELIC;old
FELIC;old
FELIC;old
CIALB;old
CIALB;old
CIALB;old
CIALB;old
CIALB;old
CIALB;old
CIALB;old
CIALB;old
CIALB;old
CIALB;old
CIALB;old
CIALB;old
CIALB;old
CIVALBNI;old
CIALB;old
CIALB;old
CIALB;old
CIALB;old
MIA;old
CIB;old
CIB;old
QIMF;old
QIMF;old
QIMF;old
IICAMILIMELISSI;old
PIRPOR;old
TIV;old
ILF;old
QIVLINIGRI;old
ALFO;old
SLFCL;old
SLFCL;old
IICAMILIMELISSI;old
SLFCL;old
SLFCL;old
SLFCL;old
GLPVDE;old
QMR;old
LMVE;old
LMVE;old
LMVE;old
LMVE;old
IICAMILIMELISSI;old
LMVE;old
LMVE;old
LMVE;old
LMVE;old
LMVE;old
LMVE;old
PMPS;old
PNN;old
IICAMILIMELISSI;old
PNN;old
QPPRIX;old
QPPRIX;old
QPPYR;old
PRISCI;old
PRISCI;old
PRISCI;old
PRISCI;old
IICAMILIMELISSI;old
QSDIOMI;old
CSL;old
LSLP;old
LSLS;old
LSLS;old
LSLSE;old
CSP;old
QSSATVRNN;old
QSSATVRNINI;old
IICAMILIMELISSI;old
SAXOFERR;old
SAXOFERR;old
SAXOFERR;old
SAXOFERREO;old
SAXOFERREO;old
SCAL;old
PVFAVSTINI;old
PVFAVSTINI;old
PVFAV;old
IICAMILIMELISSI;old
PVFAVSTINI;old
PVFAVSTINI;old
PVFAVSTINI;old
PVFAVSTINI;old
VIRGIN;old
VIRGIN;old
VIRGIN;old
VIRGIN;old
IICAMILIMELISSI;old
IIMVSAPS;old
IICAMILIMELISSI;old
IICAMILIMELISSI;old
IICAMILIMELISSI;old
IICAMILIMELISSI;old
IICAMILIMELISSI;old
IICAMILIMELISSI;old
IICAMILIMELISSI;old
ATT;old
IICAMILIMELISSI;old
IICAMILIMELISSI;old
IICAMILIMELISSI;old
CAMILISILVESTRI;old
CAMILISILVESTRI;old
CAS;old
CAS;old
CAS;old
CAS;old
CAS;old
CAS;old
CAS;old
CAS;old
CENHISPSAE;old
CENHISPSAE;old
CHRYSAN;old
MCEDO;old
NCLEVT;old
NCLEVT;old
MCLSH;old
PRS;old
MCLSR;old
PPS;old
MCLSV;old
PCLODIICELI;old
PCLODIICELI;old
PCLODIICELI;old
PCLODIICELI;old
PCIODIICEL;old
PCIODICIILI;old
PCIODICIILI;old
PCIODICIILI;old
PCIODICIILI;old
PCLICELI;old
PCLICELI;old
PCLICELI;old
PCICELI;old
PCICELI;old
PCICELI;old
PCICELI;old
PCICELI;old
PCICELI;old
PCICELI;old
PCICELI;old
PCICEL;old
PCICELI;old
CONSFC;old
CONSFC;old
CONSFC;old
CONSFC;old
CONSFC;old
CONSFC;old
CONSFC;old
CONSFC;old
CONSFC;old
CORBEL;old
CORBEL;old
CORBEL;old
CORBEL;old
CORBEL;old
EXOFCBEL;old
CORCLE;old
CORCLE;old
CVP;old
QDC;old
GDEC;old
GDEC;old
GDEC;old
GDEC;old
GDEC;old
GDEC;old
GDEC;old
GDEC;old
DECIIB;old
DEMOSTE;old
DEMOSTE;old
DEMOSTE;old
DOM;old
DOM;old
DOM;old
DOM;old
DOM;old
DOM;old
DOM;old
DOM;old
DOM;old
DOM;old
DOM;old
DOM;old
DOM;old
DOM;old
DOM;old
DOM;old
DOM;old
DOMS;old
DOMS;old
DOMS;old
DOMS;old
DOMS;old
DOMS;old
DOMS;old
DOMS;old
DOMS;old
DOMS;old
DOMS;old
IIIENNIORIVLIOR;old
DOMS;old
DOMS;old
DOMS;old
DOMS;old
DOMS;old
DOMS;old
DOMS;old
DOMS;old
DOMS;old
DOMS;old
DOMS;old
DOMS;old
DOMS;old
DOMS;old
DOMS;old
DOMS;old
DOMS;old
DOMS;old
DOMS;old
DOMS;old
DOMS;old
DOMS;old
DOMS;old
DOMS;old
DOMS;old
MEE;old
MEEVPRO;old
CEFP;old
DEF;old
DEF;old
MEL;old
MEM;old
MEM;old
FTEP;old
FTEP;old
FIGASVLEIANESSES;old
FTEP;old
FTEP;old
FTEP;old
FTEP;old
CERC;old
CERC;old
CERC;old
CERC;old
CERC;old
CERC;old
ASVLEIANOLL;old
CERH;old
CERH;old
MERM;old
EFDS;old
EFDS;old
EFDS;old
EFDS;old
ASVLEIANOLL;old
LFFSER;old
EFPO;old
IIIENNIIVL;old
IIIENNIIVL;old
IIIENNIIVL;old
IIIENNIIVL;old
IIIENNIIVL;old
IIIENNIIVL;old
IIIENNIIVL;old
IIIENNIIVL;old
ASVLE;old
IIIENNIIVL;old
IIIENNIIVL;old
IIIENNIIVL;old
IIIENNIIVL;old
IIIENNIIVL;old
IIIENNIORIVLIOR;old
ASVLE;old
IIIENNIIVL;old
IIIENNIIVL;old
IIIENNIIVL;old
IIIENNIIVL;old
IIIENNIIVL;old
IIIENNIORIVLIOR;old
IIIENNIORIVLSAE;old
IIIENNIORIVLSAE;old
IIIENNIORIVLSAE;old
ASVLE;old
IIIENNIORIVLSAE;old
IIIENNIORIVLSAE;old
IIIENNIORIVLSAE;old
IIIENNIORIVLSAE;old
EQFAT;old
EQFAT;old
ASVLE;old
EQFAT;old
EQFAT;old
EQFAT;old
EQFAT;old
EQFAT;old
EQFAT;old
EQFAT;old
EQFAT;old
EQFAT;old
EQFA;old
ASVLE;old
EQFA;old
EROTIS;old
EROTIS;old
EROTIS;old
EROTIS;old
EROTIS;old
EROT;old
ASVLE;old
EVPHEM;old
EVPHEM;old
EVPHEM;old
EVPHEM;old
EVTSPAV;old
EVTYC;old
EVTYCESF;old
FXIIII;old
FXIIII;old
ASVLE;old
FXIIII;old
IIIFFIILVP;old
IIIFFIILVP;old
IIIFFIILVP;old
IIIFFIILVP;old
IIIFFIILVP;old
IIIFFIILVP;old
ASVLE;old
IIIFFIILVP;old
IIIFFIILVP;old
IIIFFIILVP;old
IIIFFIILVP;old
FMFA;old
FMFA;old
TFA;old
ASVLE;old
MVRIC;old
TFA;old
MVRIC;old
MVRIC;old
TFAMV;old
TFAMV;old
TFAMV;old
TFAMV;old
TFAMV;old
TFAMV;old
ASVLE;old
TFAMV;old
TFAMV;old
TFAMV;old
TFAMV;old
TFAMV;old
TFAMV;old
TFAMV;old
TFAMV;old
TFAMV;old
TFAMV;old
ASVLE;old
TFAMV;old
TFAMV;old
TFAMV;old
TFAMV;old
TFAMV;old
TFAMV;old
TFAMV;old
TFAMV;old
ASVLE;old
TFAMV;old
TFAMV;old
TFAMV;old
QMS;old
FLFBS;old
LFC;old
LFC;old
LFC;old
LFC;old
LFCCOLO;old
LFCCOL;old
LFCCOL;old
LFCCOL;old
FCCOL;old
LFCDM;old
LFCDM;old
LFCDM;old
LFCDM;old
LFCDM;old
LFCDM;old
LFCDM;old
LFCDM;old
LFCDM;old
LFCDM;old
ASVLE;old
LFCDM;old
LFCDM;old
LFCDP;old
LFCDP;old
LFCDP;old
LFCDP;old
LFCDP;old
LFCDP;old
LFCDP;old
ASVLE;old
LFCRDEP;old
LFCRDEP;old
LFCRDEP;old
LFCRDEP;old
LFCFP;old
LFCFP;old
LFCFP;old
LFCFP;old
LFCFP;old
LFCFP;old
ASVLE;old
LFCFP;old
LFCFP;old
LFCFP;old
ASVL;old
ASVL;old
LFCFP;old
LFCNOV;old
LFCNOV;old
LFCNOV;old
LFCNOV;old
LFCS;old
ASVL;old
LFCSENTI;old
LFCSENTI;old
LFCSENTI;old
LFCSENTI;old
LFCSENTI;old
LFCSENTI;old
LFCSENTI;old
LFCSENTI;old
QIAFS;old
SAXOFERREO;old
SAXOFERREO;old
CANXIII;old
LFCSENTI;old
LIT;old
LIVNIMELISSIP;old
LIVNIMELISSI;old
LIM;old
ASVL;old
LFCSENTI;old
LFCSENT;old
PFCRV;old
QFC;old
QFC;old
QFC;old
QFC;old
QFC;old
ASVL;old
QFC;old
QFC;old
QFF;old
QFF;old
QFF;old
QFC;old
QFC;old
QFC;old
ASVL;old
QFC;old
QFC;old
QFC;old
QFC;old
QFC;old
QFC;old
SFCL;old
TFCVM;old
CFDM;old
MFEPAPRO;old
DFF;old
DFF;old
DFF;old
BELLICI;old
DFF;old
LAL;old
LAL;old
LAL;old
DFF;old
CANXIII;old
TAN;old
DFF;old
LARP;old
DFF;old
MAS;old
ACIRCI;old
DFF;old
ACIRGIF;old
DFF;old
GNACOR;old
CNACOR;old
GNACR;old
LAEL;old
DFF;old
AELFO;old
DFF;old
PARVA;old
BELLICI;old
DFF;old
ASVLE;old
ASVLE;old
FIGASVLEIANESES;old
DFF;old
ASVLEIANOLL;old
AVRSTR;old
AVS?;old
FFM;old
CB;old
LFFC;old
BAIS;old
BARB;old
FIGBAR;old
FBARB;old
LFFC;old
AVGGGNNNCOLEARIFBA;old
AVGGGNNNFIGVLBARBA;old
BEL;old
LFFC;old
NARG;old
MTB;old
MTB;old
LFFC;old
ANTSEVERICV;old
GAVFL;old
GAVFL;old
ALFIORVM;old
ATTENIAECYTONIDIS;old
FIGASVLEIANESES;old
FIGASVLEIANESES;old
FIGASVLEIANESES;old
FIGASVLEIANESES;old
LFFG;old
FIGASVLEIANESES;old
FIGASVLEIANESES;old
FIGASVLEIANESES;old
FIGASVLEIANESES;old
IICAMILIMELISSI;old
IICAMILIMELISSI;old
BELNETELIANI;old
LFFG;old
IICAMILIMELISSI;old
IICAMILIMELISI;old
IICAMILIMELISI;old
IICAMILIMELISSI;old
IICAMILIMELISSI;old
IICAMILIMELISSI;old
IICAMILIMELISSI;old
IICAMILIMELISSI;old
IICAMILIMELISSI;old
LFFG;old
IICAMILIMELISSI;old
IICAMILIMELISSI;old
IICAMILIMELISSI;old
IICAMILIMELISSI;old
CAMILISILVESTRI;old
CAMILISILVESTRI;old
CAMILISILVESTRI;old
CAMILISILVESTRI;old
CAMILISILVESTRI;old
LFFG;old
CAMILISILVESTRI;old
CAMILISILVESTRI;old
CAMILISILVESTRI;old
CAMILISILVESTRI;old
CORBEL;old
CORBEL;old
CORBEL;old
CORBEL;old
CORBEL;old
LFFG;old
EXOFCBEL;old
EXOFCBEL;old
EXOFCBEL;old
EXOFCBEL;old
EXOFCBEL;old
EXOFCBEL;old
EXOFCBEL;old
FCERARA;old
FCERARI;old
LFFG;old
FCAERARI;old
FCAERARI;old
FCAERAR;old
FCAERAR;old
FCAERAR;old
FCAERAR;old
FCAERAR;old
LFFG;old
FCAERAR;old
FCACAERAR;old
FCAERAR;old
FCAERAR;old
FCAERAR;old
DEMOSTE;old
DEMOSTE;old
IIENNIORIVLIOR;old
LFFG;old
EROTIS;old
LFCCVFCAT;old
LFLVCCVFS;old
LFLVCCVFS;old
LFLVCCVFS;old
GFSCVFM;old
FIIII;old
FIIII;old
FBFST;old
FBFST;old
FBFST;old
FGFIVSFM;old
FGFIVSFM;old
FGFIVSFM;old
IVLVRBICA;old
IVLI;old
KVFIGGRVMCOLSICETASI;old
CLM;old
CLM;old
CLM;old
CLM;old
CLM;old
CLMAG;old
CLMAG;old
IICLM;old
IICLM;old
IICCLMM;old
IICCLLM;old
IICCLLM;old
IICLMM;old
IICCLMM;old
IICCLMM;old
IICCLLM;old
IICCLMM;old
LFFG;old
IICCLMM;old
IICCLMM;old
IICCLMM;old
IICCLMM;old
IICCLMM;old
IICCLMM;old
IICCLMM;old
IICCLMM;old
IICCLMM;old
IICCLMM;old
LFFG;old
IICCLMM;old
CLPV;old
PMF;old
PMF;old
PMF;old
NIII;old
LFFG;old
IIIN;old
IIIN;old
FOCS;old
FO;old
OB;old
OB;old
OB;old
OB;old
OPTATI;old
LFFGAL;old
OPTATI;old
OPTATI;old
OPTATI;old
CPC;old
CPCI;old
CPCI;old
LFFGAL;old
MPS;old
PORTO;old
FQXIIII;old
QVINTI;old
QVINTI;old
PORPSI;old
LFFGAL;old
SAXOFERRI;old
CTYC;old
VRSI;old
VRSI;old
VRSI;old
VRSI;old
VRSI;old
VRSI;old
VRSI;old
LFFGAL;old
ATILIVFR;old
MAT;old
LFFGAL;old
LFFGAL;old
LFFK;old
LFFK;old
LFFP;old
LFFV;old
MFF;old
MFFB;old
MFFB;old
QFFT;old
QFFT;old
CFFS;old
PFFABA;old
PFFABA;old
PFFAB;old
FFAB;old
QFG;old
QFG;old
QFG;old
QFG;old
QFG;old
QFG;old
QFG;old
QFG;old
FSFICFPA;old
FGFIVSFM;old
LCHE;old
SCLH;old
LCM;old
LCMY;old
LCMY;old
NCP;old
LCR;old
PCRE;old
FGFIVSFM;old
CALLIS;old
CALLISIVSF;old
IICAMILIMELISSI;old
CAS;old
PORMFDIA;old
FIGVLGEMESILVINIL;old
MFK;old
FCEP;old
AVGGGNNNFIGVLCEPA;old
KVFICCEPACOLLEOPAR;old
MFK;old
CERC;old
MCLSR;old
PCLODIICELI;old
MFK;old
PCICELI;old
PCICELI;old
CONSFC;old
CONSFC;old
CONSFC;old
CONSFC;old
MFK;old
CORBEL;old
CORBEL;old
CORBEL;old
FGRV;old
AVGGGNNNCOLEARIFGRV;old
DFN;old
KVFIGGRVMCOLSICETASI;old
GDEG;old
GDEC;old
GDEC;old
DFN;old
DECVMES;old
DECVMAES;old
DOM;old
DFN;old
DFN;old
MFN;old
MFS;old
MFS;old
MFS;old
MFS;old
FMFP;old
FMFP;old
FMFP;old
FMFP;old
FMFP;old
FMFP;old
FMFP;old
FMFP;old
FMFP;old
FMFP;old
FMFP;old
FMFP;old
FMFP;old
FMFP;old
FMFP;old
FMFP;old
FMFP;old
FMFP;old
FMFP;old
FMFP;old
FMFP;old
FMFP;old
FMFP;old
FMFP;old
FMFP;old
FMFP;old
FMFP;old
MFPONI;old
MFPONI;old
MFQF;old
MFQF;old
MFQF;old
MFQF;old
MFQF;old
MFQF;old
MFQF;old
MFR;old
PERSEI;old
PERSEI;old
QFRMED;old
QFRMED;old
QFRMED;old
QFRMED;old
QFRMED;old
QFRMED;old
BEL;old
QFRSALS;old
QFRSALS;old
QFRSALS;old
QFRSALS;old
QFRSALS;old
QFRSTSIP;old
QFRSTSIP;old
QFRSTSIP;old
QFRSTSIP;old
BEL;old
QFRSTSIP;old
QFRSTSIP;old
QFRSTSIP;old
QFRSTSIP;old
QFRSTSIP;old
QFRSTSIP;old
PORLFS;old
MFS;old
MFS;old
FCERARIA;old
MFS;old
MFS;old
MFS;old
MFS;old
QFLVP;old
FABBAS;old
FCERARIA;old
FAVSTION;old
FELIC;old
FELIX;old
FES;old
FINE;old
FINE;old
FINE;old
FIRM;old
FLDOR;old
FCERARIA;old
FLDOR;old
FLMA;old
FLMR;old
FLMR;old
FLMR;old
FLSAC;old
LQA;old
LQA;old
LQA;old
FLTERTI;old
MQFI;old
LQR;old
LQRA;old
FLTERTI;old
MFLAVITITTVRI;old
QVINTI;old
PPCAE;old
FLORI;old
PPAA;old
PPAAV;old
FLORI;old
PPAC;old
PMOCVF;old
PMOCVF;old
PARDIANI;old
FPATE;old
FPATE;old
FPATE;old
PATRI;old
PRIMIANI;old
PORODV;old
OLEASTR;old
CAP;old
OPTATI;old
QNDAND;old
QNDPRI;old
QNDPRI;old
FOLS;old
PNN;old
FGERARIA;old
FOLS;old
PNN;old
PNN;old
FOLS;old
PNN;old
FOLS;old
FOLS;old
PNN;old
PNN;old
PNN;old
PNNA;old
FOLS;old
PNNVA;old
PNNVAR;old
PNPTFM;old
SNR;old
SEXNR;old
SNRVFI;old
NICXIII;old
NIGR;old
NIGRI;old
QNDFAB;old
NIGR;old
NIGR;old
FORTVNATVS;old
MMCSVR;old
QMCALL;old
LMEF;old
GMMF;old
FGERARIA;old
QFVLNIC;old
QMS;old
LMVE;old
MARV;old
MARTI;old
MARTI;old
CMECOR;old
FIGMED;old
IIMVSR;old
CLEC;old
ALFO;old
ALFO;old
IIICLM;old
QGM;old
GLPVD;old
CLPV;old
LVCRE;old
IILVPI;old
IILVPO;old
GER;old
QIA;old
QIAS;old
LIDFITAL;old
LIDFITA;old
QIE;old
FIGGRA;old
GIFBOVEQ;old
GIFBOVEQ;old
LIM;old
FGERARIA;old
GRA;old
QIMF;old
QIMF;old
GRA;old
QIMFN;old
QIMS;old
CIREXOFARR;old
MAVRI;old
GRA;old
LIS;old
QIS;old
LIT;old
LIT;old
LIT;old
LIT;old
GRA;old
IVV;old
GRA;old
IVLIL;old
GRA;old
GRA;old
GRA;old
GRA;old
GRA;old
FGERARIA;old
GRA;old
GRA;old
GRA;old
PORODV;old
OLEASTR;old
CAP;old
OPTATI;old
GRA;old
AVGGGNNN;old
AVGGGNNN;old
AVGGGNNN;old
AVGGGNNNFIGVLCEPA;old
AVGGGNNNCOLEARIFGRV;old
GRA;old
CAP;old
CAP;old
CAP;old
CAP;old
CAP;old
FQAR;old
CAS;old
GRA;old
CAS;old
CAS;old
CAS;old
MAS;old
MATDEFIGLINASMARSIA;old
MATDEFIGLINASMARSIA;old
MATDEFIGLINASMARSIA;old
GRA;old
AVRSTR;old
AVRSTR;old
ARVAA;old
ARVAA;old
ARVA;old
ARVA;old
ARVAA;old
PARVA;old
GRA;old
ARVAPDVIC;old
ARVAPDVIC;old
ASVLE;old
ASVLE;old
ASVLE;old
ABA;old
ABA;old
GRA;old
ABA;old
QBR;old
FIGBAR;old
LCH;old
LCHE;old
CALLI;old
CALLI;old
GRA;old
CALLIS;old
FCEPA;old
FCVCVM;old
FCVCVM;old
FCVCVM;old
SEC;old
AVGGGNNNFIGVLBARBA;old
GRA;old
CERG;old
LFCCVC;old
LFCCVCAT;old
LFCCVCAT;old
LFCCVFN;old
GRA;old
LFCCVFS;old
LFCCVFS;old
LFCCVFS;old
LFCCVFS;old
LFCCVFS;old
LFCCVFS;old
LFCCVFS;old
LFCCVFS;old
GRA;old
LFCCVFS;old
LFCCOL;old
LFCCOL;old
LFCSENTI;old
GRA;old
LFCVCEXFP;old
LFCVCEXFP;old
DFF;old
GRA;old
DFF;old
DFF;old
PNN;old
DFF;old
PNN;old
LFLFT`;old
DIONY;old
GRA;old
DIONY;old
TFAMV;old
TFAMV;old
TFAMV;old
TFAMV;old
TFAMV;old
TFAMV;old
TFAMV;old
TFAMV;old
GRA;old
FM;old
FM;old
FM;old
FM;old
EVTYCHIANI;old
EVTYCHIANI;old
FMFP;old
FMFP;old
GRA;old
FMFP;old
FMFP;old
FMFP;old
FMFP;old
FMFP;old
FMFP;old
FMFP;old
IIIFFIILVP;old
GRA;old
FIRMI;old
GRATI;old
FIGVLGEMESILVINIL;old
GERMANI;old
CRVM;old
MHICAFC;old
HELIO;old
GRA;old
HELIO;old
HER;old
ILFT;old
LIM;old
LIM;old
LIM;old
FGERARIA;old
GRA;old
LIM;old
LIM;old
LIM;old
LIM;old
LIM;old
LIM;old
LIMFPATE;old
LIMFPATE;old
GRA;old
LISILVESTRI;old
LSILVESTRI;old
LIT;old
LIT;old
LIT;old
LIT;old
GRA;old
LIT;old
LIT;old
LIT;old
LIT;old
LIT;old
LIT;old
LIVNIMELISSI;old
LIVNIMELISSI;old
LIVNIMELISSI;old
GRA;old
LIVNIMELISSI;old
LIVNIMELISSIP;old
IIIVMELISSIETMELISSE;old
IIIVMELISSIETMELISSE;old
IVCVNDINI;old
IVLIF;old
PMOCVFIGEDO;old
PMOCVFIGEDO;old
PMOCVFIGEDO;old
MHASCL;old
PMOCVFIGEDO;old
PMOCVFIGEDO;old
PMOCVFIGEDO;old
PMOCVFIGEDO;old
PMOCVFIGEDO;old
PMOCVFIGEDO;old
MHASCL;old
FIGEDPPAEF;old
IIIMINICIOR;old
IIIMINI`CIOR;old
FIGMED;old
FIGMED;old
FIGMED;old
FIGMED;old
PNN;old
PNN;old
PNN;old
PNN;old
PNN;old
PNN;old
PNN;old
PNN;old
MHAS;old
PNN;old
PNN;old
PNN;old
PNN;old
PATRI;old
PNN;old
PNN;old
MHAS;old
PNN;old
PNN;old
PNN;old
SISY;old
PNN;old
PNN;old
PNN;old
PNNF;old
PNNF;old
FCAERARI;old
PNNF;old
PNNF;old
PNNF;old
PNNF;old
PNNF;old
NICXII;old
CNIXIII;old
NIGR;old
NOVELLI;old
CONSFC;old
CONSFC;old
CONSFC;old
CONSFC;old
CONSFC;old
CONSFC;old
OPTATIF;old
OPTATIF;old
APFS;old
PORTO;old
PORTO;old
FPATERNI;old
FPAT;old
FPAT;old
FPAT;old
FPAT;old
FPAT;old
FPAT;old
FPAT;old
FPAT;old
FPAT;old
PEREGRINI;old
PEREGRINI;old
PRIMIANI;old
PRIMIANI;old
FRIXI;old
GRA;old
GRA;old
GRA;old
GRA;old
GRA;old
GRA;old
GRA;old
GRA;old
PGRA;old
GRADO`S;old
GRADOS;old
GRADOS;old
GRADOS;old
GRADOS;old
CRVS;old
LQA;old
LQA;old
LQA;old
LQA;old
LQS;old
TROP;old
DFTR;old
FSCIMNIANO;old
FSCIMNIANO;old
SECVND;old
SISY;old
VICTOR;old
VICT;old
VICT;old
ALF;old
BABP;old
BABP;old
CIASMAR;old
EVT;old
LFC;old
LFCCVFSC;old
LFCV;old
FPAT;old
PARDI;old
PS;old
AQFVA;old
FM;old
TCP;old
RA;old
VIL;old
CEFP;old
PMOCVFIGEDO;old
EVPHEM;old
EVTY;old
EVTYCI;old
FXIIII;old
IIIFFIILVP;old
TFAMV;old
MFB;old
LFC;old
LFCEXFGAN;old
LFCCAN;old
LFCDM;old
LFCFP;old
LFCRDFP;old
LFCSENT;old
LFCSENT;old
LFCCVCAT;old
MHICAFC;old
LFCCVFM;old
LFCCVFM;old
LFCVCEXFP;old
FCCVFPAC;old
MHICVFC;old
LFCCVFS;old
LFCVFS;old
MFC;old
HNPTFM;old
MFC;old
QFC;old
QFC;old
QFC;old
HNPTFM;old
PORMFDIA;old
PORMFDIA;old
LFFGAL;old
LFFV;old
FGFIVSFM;old
HNPTFM;old
LFLVCCVFS;old
DFN;old
XIIIIHP;old
LFO;old
FMFP;old
FMFP;old
FCFS;old
CFSCVFM;old
GFSCVFM;old
HQFR;old
LFT;old
LFTI;old
FV;old
…ELIODOR;old
FABIVSF;old
FABIVSFM;old
FAVSTI;old
FAVSTION;old
FICXII;old
FIRMI;old
FIRM;old
HER;old
FLTER;old
QFVLNIC;old
FVPA;old
HER;old
DHMOC;old
HERG;old
HER;old
HERMESF;old
GRA;old
GRA;old
GRA;old
GRA;old
HERMESF;old
GRA;old
GRA;old
GRA;old
HERMESF;old
OFGRARLVC;old
RVST;old
FPS;old
HERMES;old
LSAR;old
LSAR;old
LSAR;old
LSAR;old
LSAR;old
HERM;old
QSL;old
QSP;old
LSV;old
QSASC;old
ASVLE;old
CENHISPSAE;old
SALS;old
SAXOFERRO;old
SAXOFERREO;old
SAXOFERREO;old
SCA;old
SCA;old
SCAL;old
SCALES;old
SCALES;old
IAFM;old
SECVNDI;old
SECVND;old
SEG;old
IAFM;old
CIA;old
DIA;old
IISER;old
IISER;old
DIA;old
PSISF;old
FSISI;old
SISY;old
DIA;old
SVCCESS;old
FIGLINATREBECIANO;old
DIA;old
CTYC;old
IINVO;old
DIA;old
QESVSV;old
DIA;old
DIA;old
VENER;old
DIA;old
DIA;old
VICTOR;old
VICTOR;old
VICTOR;old
VICTOR;old
VICTORIC;old
VICTORICI;old
VICTORICI;old
DIA;old
VIRII;old
DIA;old
VRSI;old
DIA;old
DIA;old
DIA;old
DIA;old
QIA;old
QIA;old
QIA;old
QIA;old
QIA;old
QIA;old
QIA;old
QIA;old
QIA;old
QIA;old
QIA;old
QIA;old
QIA;old
QIA;old
QIA;old
QIA;old
AVGGGNNNFIGVLBARBA;old
QIA;old
QIA;old
QIA;old
QIAB;old
QIADI;old
QIAFS;old
QIAFS;old
QIAFS;old
QIAFS;old
QIAFS;old
QIAFS;old
QIAFS;old
QIAFS;old
QIAFS;old
QIAFS;old
QIAFS;old
QIAFS;old
QIAFS;old
QIAFS;old
QIAFS;old
QIAFS;old
QIAFS;old
QIAFS;old
QIAFS;old
QIAFS;old
QIAFS;old
QIAFS;old
QIAFS;old
QIAFS;old
QIAFS;old
QIAFS;old
QIAFS;old
QIAF;old
QIAM;old
QIAS;old
QIAS;old
QIAS;old
QIAS;old
QIAST;old
QIAL;old
QIAL;old
QIAL;old
QIAL;old
QIAL;old
QIAL;old
QIAL;old
QIAL;old
CIALB;old
CIALB;old
CIALB;old
CIALB;old
CIAB;old
CIALB;old
CAB;old
GIALB;old
GIALB;old
GIALB;old
GIALB;old
MIAVITIMVRIC;old
MIAVITIMVRIC;old
CIB;old
CIB;old
CIB;old
MICL;old
QICSEG;old
QIF;old
QIF;old
GIFBOVEQ;old
GIFBOVEQ;old
GIFBOVEQ;old
GIFBOVEQ;old
GIFBOVEQ;old
AVGGGNNNFIGVLBARBA;old
GIFBOVEQ;old
GIFBOVEQ;old
GIFBOVEQ;old
GIF;old
GIF;old
GIF;old
GIF;old
DIORN;old
DIORN;old
MILONF;old
MILONF;old
MILONF;old
MILONF;old
MILONF;old
LIM;old
LIM;old
LIM;old
LIM;old
LIM;old
LIM;old
LIM;old
LIM;old
LIM;old
LIM;old
LIM;old
LIM;old
LIM;old
LIMFP;old
LIMFP;old
MIM;old
MIM;old
MIM;old
MIM;old
MIM;old
MIM;old
MIM;old
MIM;old
MIM;old
MIM;old
MIM;old
MIM;old
MIM;old
MIM;old
MIM;old
MIM;old
MIM;old
MIM;old
MIM;old
MIM;old
QIM;old
QIM;old
QIM;old
QIMS;old
QIM;old
QIMF;old
QIMF;old
QIMF;old
QIMF;old
QIMFN;old
QIMFN;old
QIMFN;old
QIMFN;old
QIMFN;old
QIMFN;old
QIMFN;old
QIMFN;old
QIMFN;old
QIMFN;old
QIMFN;old
QIMFN;old
QIMFN;old
QIMFN;old
QIMFN;old
QIMFN;old
QIMFN;old
QIMFS;old
QIMMACR;old
MIRPOR;old
PIRPOR;old
AVGGGNNNFIGVLBARBA;old
FCAERARI;old
CIS;old
CIS;old
LIS;old
FCAERAR;old
LIS;old
LIS;old
LIS;old
LIS;old
LIS;old
LIS;old
LIS;old
LIS;old
LIS;old
LIS;old
LIS;old
LIM;old
LISILVESTRI;old
LISILVESTRI;old
LISILVESTRI;old
LISILVESTRI;old
LISILVESTRI;old
LISILVESTRI;old
LISILVESTRI;old
QIS;old
QIS;old
QIS;old
QIS;old
QIS;old
QIS;old
QIS;old
QIS;old
QIS;old
QIS;old
COLOBRARIA;old
QIS;old
QIS;old
IIAVRHERCLAEPATETFILFCEPAP;old
KVFICCEPACOLLEOPAR;old
KVFICCEPACOLLEOPAR;old
KVFICCEPARCOLLEOPAR;old
LFCCVFCA;old
CIT;old
LFCCVFS;old
FIGEDOPPPAEFVSCIANI;old
FIGEDOPPPPAEFVSCIANI;old
LIT;old
PMOCVFICEDO;old
VIRCIN;old
VIRCIN;old
VIRCIN;old
LAL;old
LAL;old
GAP;old
LIT;old
GAP;old
ARVA;old
ARVP;old
BV;old
CCHREST;old
FLC;old
LCM;old
IICAMILIMELISSI;old
LIT;old
CAS;old
CAS;old
CAA;old
CDEC;old
CDEC;old
CDEC;old
IIIENIVL;old
IIIENNIVL;old
LIT;old
IIIENNIVL;old
TFAMV;old
TFAMV;old
FCFP;old
LFCF;old
LFFG;old
LIT;old
LFFG;old
LFFG;old
LFFC;old
CIALB;old
LIM;old
QIMF;old
QIMFN;old
LIT;old
LIT;old
LIT;old
LIT;old
LIT;old
IIIVMELISSIETMELISSE;old
IIICIM;old
COLOBRARIA;old
LIT;old
MVE;old
PNN;old
PNN;old
PNN;old
PNN;old
PNN;old
PNNF;old
PNN;old
SNR;old
LIT;old
SNR;old
FPATE;old
FPATER;old
EVGEN;old
LIT;old
FCEL;old
QIVE;old
LIT;old
LIT;old
LIT;old
LIT;old
LIT;old
LIT;old
LIT;old
LIT;old
LIT;old
LIT;old
LIT;old
LIT;old
LIT;old
FCVCVM;old
LIT;old
LIT;old
LIT;old
LIT;old
LIT;old
LIT;old
LIT;old
LIT;old
FCVCVM;old
LIT;old
QIV;old
ILFT;old
ILFT;old
ILFT;old
FCVCVM;old
ILFT;old
ILFT;old
ILFT;old
ILFT;old
ILFT;old
AVGGGNNNFIGVLBARBA;old
FCVCVM;old
ILFT;old
ILFT;old
ILFT;old
ILFT;old
ILFT;old
ILFT;old
ILFT;old
ILFT;old
ILFT;old
ILFT;old
FCVCVM;old
ILFT;old
ILFT;old
ILFT;old
IO;old
ISCALLIF;old
ISHERMF;old
ISHERMF;old
ISMILOF;old
ISMILOF;old
FCVCVM;old
ISMILOF;old
ISMILOF;old
ISMILOF;old
IVCVNDINI;old
IVCVNDINI;old
CIVR;old
FCVCVM;old
IVLIEGN;old
IVLIEGN;old
IVLINIGRI;old
FCVCVM;old
LIVNIMELISSI;old
LIVNIMELISSI;old
LIVNIMELISSI;old
LIVNIMELISSI;old
LIVNIMELISSI;old
LIVNIMELISSI;old
LIVNIMELISSI;old
LIVNIMELISSI;old
FCVCVM;old
LIVNIMELISSI;old
LIVNIMELISSI;old
LIVNIMELISSI;old
LIVNIMELISSI;old
LIVNIMELISSI;old
LIVNIMELISSI;old
LIVNIMELISSI;old
LIVNIMELISSI;old
FCVCVM;old
LIVNIMELISSI;old
LIVNIMELISSI;old
LIVNIMELISSI;old
LIMELISSICI;old
LIMELISSICI;old
LIMELISSICI;old
LIMELISSICI;old
IIIVNMELISSIETMELISSE;old
IIIVNMELISSIETMELISSE;old
FCVCVM;old
IIIVNMELISSIETMELISSE;old
IIIVNMELISSIETMELISSE;old
FCVCVM;old
IIIVNMELISSIETMELISSE;old
IIIVNMELISSIETMELISSE;old
IIIVNMELISSIETMELISSE;old
IIIVNMELISSIETMELISSE;old
IIIVNMELISSIETMELISSE;old
IIIVNMELISSIETMELISSE;old
IIIVNMELISSIETMELISSE;old
IIIVNMELISSIETMELISSE;old
IIIVNMELISSIETMELISSE;old
IIIVNMELISSIETMELISSE;old
FCVCVM;old
IIIVNMELISSIETMELISSE;old
IIIVNMELISSIETMELISSE;old
IIIVNMELISSIETMELISSE;old
IIIVNMELISSIETMELISSE;old
IIIVNMELISSIETMELISSE;old
IIIVNMELISSIETMELISSE;old
AVGGGNNNCOLEARIFBARB;old
FCVCVM;old
FCVCVM;old
IIIVNMELISSIETMELISSE;old
SLAC;old
ALFO;old
ALFO;old
FCVCVM;old
ALFO;old
ALFO;old
ALFO;old
ALFO;old
ALFO;old
ALFO;old
ALFO;old
ALFO;old
ALFO;old
ALFO;old
FCVCVM;old
ALFO;old
ALFO;old
ALFO;old
ALFO;old
ALFO;old
ALFO;old
ALFO;old
ALFO;old
ALFO;old
ALFO;old
FCVCVM;old
ALFO;old
ALFO;old
ALFO;old
ALFO;old
ALFO;old
ALFO;old
ALFO;old
ALFO;old
LLFESTINI;old
MLFCL;old
MLFCT;old
MLFCT;old
MLFCT;old
MLFN;old
SLFCL;old
IICLM;old
FCVCVM;old
FCVCVM;old
IICCLMM;old
IICCLMM;old
IICCLMM;old
IICCLMM;old
IICCLMM;old
IICCLMM;old
IICCLMM;old
FCVCVM;old
IICCLMM;old
FCVCV;old
CLMFF;old
CLMAG;old
MON;old
AVGGGNNNCOLEARIFBARB;old
GLPVDE;old
GLPVDE;old
GLPVDE;old
CLPV;old
CLPV;old
LIBERALIS;old
CLOIEFVFI;old
FCVCV;old
LVCI;old
LVCID;old
PORTO;old
LVCID;old
IILVPL;old
IILVPL;old
IILVPL;old
FCVCV;old
LVPL;old
FIGM;old
FM;old
FM;old
FCVCV;old
MMCSANTO;old
MMCSANTO;old
MMCSANTO;old
MMCSANTO;old
MMCSANTO;old
MMCSVR;old
MMCSVR;old
MMCSVR;old
MMCSVR;old
MMCSVR;old
FCVCV;old
MMCSVR;old
MMCSVR;old
MMCSVR;old
MMCSVR;old
MMCSVR;old
MMCSVR;old
MMCSVR;old
MMCSVR;old
MMCSVR;old
MMCSVR;old
FCVCV;old
QMCCCAS;old
QMCCCAS;old
QMCALLAIDIS;old
QMCALLAIDIS;old
QMCALLAIDIS;old
LMECO;old
LMECO;old
FCVCV;old
PMF;old
PMF;old
PMF;old
PMF;old
GMMF;old
GMMF;old
GMMF;old
GMMF;old
GMMF;old
GMMF;old
PMNS;old
AVGGGNNNCOLEARIFBARB;old
QMR;old
QMR;old
QMR;old
QMR;old
QMR;old
QMR;old
QMR;old
QMR;old
QMR;old
QMR;old
QMR;old
QMR;old
QMR;old
QMR;old
QMR;old
QMR;old
QMR;old
CMS;old
PMSC;old
QMS;old
QMS;old
QMS;old
QMS;old
QMS;old
QMS;old
QMS;old
QMS;old
PMV;old
LMVE;old
LMVE;old
LMVE;old
LMVE;old
LMVE;old
LFCCV;old
LMVE;old
LMVE;old
PMZ;old
PMZ;old
PMZ;old
PMZS;old
MAMASVL;old
LFCCV;old
SNR;old
LFCCV;old
MARTIALIS;old
MELPOM;old
IIMINACRETCAL;old
IIMINACRETCAL;old
LFCCVFCAT;old
IIMINACRETCAL;old
IIMINACRETCAL;old
IIMINACRETCAL;old
IIMINACRETCAL;old
IIMINACRETCL;old
IIMINACRETCL;old
IIMINACRETCL;old
LFCCVFCAT;old
IIIMINCIOR;old
IIIMINCIOR;old
IIIMINCIOR;old
IIIMINCIOR;old
IIIMINCIOR;old
IIIMINCIOR;old
IIIMINICIOR;old
IIIMINICIOR;old
IIIMINICIOR;old
IIIMINICIOR;old
LFCCVFCAT;old
IIIMINICIOR;old
IIIMINICIOR;old
IIIMINICIOR;old
IIIMINICIOR;old
IIIMINICIOR;old
IIIMINICIOR;old
IIIMINICIOR;old
IIIMINICIOR;old
IIIMINICIOR;old
AVGGGNNNCOLEARIFBARB;old
LFCCVFCAT;old
IIIMINICIOR;old
IIMVDC;old
IIMVDC;old
IIMVDC;old
IIMVSETPR;old
LFCCVFCAT;old
LFCCVFCAT;old
NNA;old
PNA;old
PNATC;old
MVC;old
QNDAND;old
QNDAND;old
QNDAND;old
QNDAND;old
QNDAND;old
QNDAND;old
QNDAND;old
QNDAND;old
QNDFAB;old
QNDFAB;old
QNDFAB;old
QNDFAB;old
QNDFAB;old
QNDFAB;old
QNDFAB;old
LFCCVFCAT;old
QNDFAB;old
QNDFAB;old
QNDFAB;old
QNDFAB;old
QNDFAB;old
QNDFAB;old
QNDFAB;old
QNDFAB;old
QNDPHI;old
QNDPHI;old
LFCCVFCAT;old
QNDPHI;old
QNDPHI;old
QNDPHI;old
QNDPHI;old
QNDPHI;old
QNDPRIM;old
QNDPRIM;old
QNDPRIM;old
QNDPRI;old
QNDPRI;old
LFCCVFCAT;old
QNDPRI;old
QNDPRI;old
QNDPRI;old
QNDPRI;old
QNDPRI;old
QNDPRI;old
QNDPRI;old
QNDPRI;old
QNDPRI;old
QNDPRI;old
LFCCVFCAT;old
QNDPRI;old
QNDPRI;old
QNDPRI;old
QNDPRI;old
QNDPRI;old
QNDPRI;old
QNDPRI;old
QNDPRI;old
QNDPRI;old
LFCCVFCAT;old
PNN;old
PNN;old
PNN;old
PNN;old
PNN;old
PNN;old
PNN;old
PNN;old
PNN;old
LFCCVFCAT;old
PNN;old
PNN;old
PNN;old
PNN;old
PNN;old
PNN;old
PNN;old
PNN;old
PNN;old
AVGGGNNNCOLEARIFBARB;old
PNN;old
PNN;old
PNN;old
PNN;old
PNN;old
PNN;old
PNN;old
PNN;old
PNN;old
PNN;old
PNN;old
PNN;old
PNN;old
PNN;old
PNN;old
PNN;old
PNN;old
PNN;old
PNN;old
PNN;old
PNN;old
PNN;old
PNN;old
PNN;old
PNN;old
LFCCVFCAT;old
PNN;old
PNN;old
PNN;old
PNN;old
PNN;old
PNNAR;old
PNNAR;old
LFCCVCAT;old
PNNA;old
PNNA;old
PNNF;old
PNNF;old
PNNF;old
PNNF;old
PNNF;old
PNNF;old
PNNF;old
LFCCVCAT;old
PNNF;old
PNNF;old
PNNF;old
PNNF;old
PNNF;old
PNNF;old
PNNF;old
PNNF;old
PNNF;old
LFCCVCAT;old
PNNF;old
PNNF;old
PNNF;old
PNNF;old
PNNF;old
LFCCVCAT;old
PNNSH;old
PNNVR;old
LFCCVCAT;old
PNPHI;old
AVGGGNNNCOLEARIFBARB;old
LFCCVCAT;old
GNPR;old
SNR;old
SNR;old
SNR;old
SNR;old
SNR;old
SNR;old
SNR;old
SNR;old
SNR;old
LFCCVCAT;old
SNR;old
SNR;old
SNR;old
SNR;old
SNR;old
SNR;old
SNR;old
SNR;old
SNR;old
SNR;old
LFCCVCAT;old
SNR;old
SNR;old
SNR;old
SNR;old
SNR;old
SNR;old
SNR;old
SNR;old
SNR;old
SNR;old
SNR;old
SNR;old
SNR;old
SNR;old
SNR;old
SNR;old
SNR;old
SNR;old
SNR;old
SNR;old
LFCCVC;old
SNR;old
SNR;old
SNR;old
SNR;old
SNR;old
SNR;old
SNR;old
SNR;old
SNR;old
SNR;old
LFCCVC;old
SNR;old
SNR;old
SNR;old
SNR;old
SNR;old
SNR;old
SNR;old
SNR;old
SNR;old
SNR;old
LFCCVC;old
SNR;old
SNR;old
SNR;old
SNR;old
SNR;old
SNR;old
SNR;old
SNR;old
LFCCVC;old
SNRG;old
SNRG;old
SNRC;old
SNRG;old
SNRG;old
SNRG;old
SNRG;old
SNRGR;old
SNRP;old
SNRP;old
SNRP;old
SNRP;old
SNRP;old
SNRP;old
SNRP;old
SNRP;old
PNSI;old
PNSI;old
PNSI?;old
LFCCVK;old
GNACOR;old
GNACOR;old
GNAOCR;old
GNAOCR;old
GNAOCR;old
GNAOCR;old
GNAC;old
NICXIIII;old
NICXIIII;old
NICXIIII;old
AVGGGNNNCOLEARIFBARB;old
LFCCVFM;old
NICXIIII;old
NICXIIII;old
NICXIIII;old
NIGR;old
NICR;old
NICR;old
NICR;old
NIGRN;old
LFCCVFM;old
NIGRN;old
COI;old
COI;old
COI;old
COI;old
COI;old
COI;old
COI;old
LFCCVFM;old
COI;old
COO;old
PORODV;old
LFCCVFM;old
PORODV;old
PORODV;old
PORODV;old
PORODV;old
PORODV;old
PORODV;old
PORODV;old
PORODV;old
LFCCVFM;old
ONES;old
OPTATIF;old
OPTATI;old
LPAEOA;old
LPAEOA;old
LPAEOA;old
LFCCVFM;old
CPC;old
GPCI;old
LFCCVFM;old
LPCO;old
LCPX;old
PPC;old
PPCAE;old
LPCALL;old
PPCAL;old
PPCAL;old
PPCAL;old
PPCAL;old
APCO;old
APFS;old
APFS;old
SPH;old
SPH;old
LPMS;old
SPME;old
QPPHRYXI;old
QPPHRYXI;old
QPPHRYXI;old
QPPHRYXI;old
QPPHRYXI;old
QPPHRYXI;old
QPPHRYXI;old
AVGGGNNNCOLEARIFBARB;old
SPPNN;old
SPPNN;old
SPPNN;old
PPAC;old
FPATERNI;old
FPATERNI;old
FPATERNI;old
FPATERNI;old
FPATERNI;old
FPATERNI;old
FPATERNI;old
FPATERNI;old
FPATE;old
FPATE;old
FPATE;old
FPATE;old
FPATE;old
FPAT;old
FPAT;old
FPAT;old
FPAT;old
FPAT;old
FPAT;old
FPAT;old
FPAT;old
FPAT;old
FPAT;old
FPAT;old
FPAT;old
PATRIC;old
PATRIC;old
PEREGRINI;old
PHILO;old
PORTOPOPV;old
PORPOP;old
PORTO;old
PORTO;old
PORTO;old
PORTO;old
PORTO;old
PORTO;old
PORTO;old
PORTO;old
POPVLI;old
POPVLI;old
POPVLI;old
AVGGGNNNCOLEARIFBARB;old
POPVLI;old
POPVLI;old
POPVLI;old
POPVLI;old
POPVLI;old
POPVLI;old
POPVLI;old
POPVLI;old
POPVLI;old
POPVLI;old
POPVLI;old
PRI;old
PRIMV;old
PRISCI;old
PRISC;old
IIQQETCF;old
LQA;old
LQA;old
LQA;old
LQA;old
LFCCVFM;old
LQA;old
LQA;old
LQA;old
LQA;old
LQA;old
LQA;old
LQA;old
LQA;old
LQA;old
AQFVA;old
AQFVA;old
AQFVA;old
MQFF;old
MQFF;old
MQFF;old
MQFF;old
MQFF;old
MQFF;old
MQFF;old
MQFF;old
MQFF;old
MQFF;old
MQFF;old
MQFFT;old
MQFFT;old
MQFFT;old
MQFFT;old
MQFP;old
MQFP;old
PQFF;old
PQFF;old
PQFF;old
PQFF;old
PQFFE;old
SQFPSIIC;old
LFCCVFM;old
LQR;old
LQR;old
LQR;old
LQR;old
LQR;old
AVGGGNNNCOLEARIFBARB;old
LFCCVFM;old
LQS;old
LQS;old
LQS;old
LQS;old
LQS;old
LQS;old
LFCCVFM;old
LQS;old
LQS;old
LQS;old
LQS;old
LQS;old
LQS;old
LQS;old
LQS;old
LQS;old
LQS;old
LFCCVFM;old
LQS;old
LQS;old
LQS;old
LQS;old
LQS;old
QVARTIO;old
LFCCVFM;old
CRA;old
CRA;old
CRA;old
CRA;old
CRA;old
CRA;old
CRA;old
LFCCVFM;old
CRA;old
CRA;old
CRA;old
CRA;old
PARA;old
PARA;old
PARA;old
CRSP;old
LFCCVFM;old
CRSP;old
CRSP;old
CRV;old
GRADOS;old
GRADOS;old
GRADOS;old
GRADOS;old
GRADOS;old
GRADOS;old
GRADOS;old
GRADOS;old
GRADOS;old
GRADOS;old
GRADOS;old
GRADOS;old
GRADOS;old
GRAP;old
FCCVFPAC;old
OFGRARLVC;old
OFGRARLVC;old
OFGRARLVC;old
OFGRARLVC;old
OFGRARLVC;old
FCCVFPAC;old
OFGRARLVC;old
OFGRARLVC;old
OFGRAROP;old
POTRCARMO;old
REST;old
RIVENS;old
FCCVFPAC;old
RIVES;old
RIVES;old
RIVES;old
RIVES;old
RIVES;old
RIVE;old
RIVE;old
RIVE;old
FCCVFPAC;old
ROMVLVSF;old
ROMVL;old
RVFIATITAE;old
FCCVFPAC;old
RVM;old
SA;old
CSACXIIII;old
CSACXIIII;old
CSACXIIII;old
LSAR;old
LSAR;old
LSAR;old
LSAR;old
LSAR;old
FCCVFPAC;old
LSAR;old
LSAR;old
LSAR;old
LSAR;old
LSAR;old
GSAP;old
GSAP;old
FCVCVM;old
LFCCVFP;old
PSAVITI;old
FSC;old
MSFIG;old
MSFPC;old
PSFC;old
LSLSF;old
LFCCVFP;old
LSPBOEQ;old
LSPBOEQ;old
LSPBOEQ;old
LSPBOEQ;old
LSPBOEQ;old
LSPBOEQ;old
LSPBOEQ;old
LSPBOEQ;old
LFCCVFP;old
LSPBOEQ;old
LSPBOEQ;old
LSPBOEQ;old
LSPBOEQ;old
LSPBOEQ;old
LSPBOEQ;old
LSPBOEQ;old
LSPBOEQ;old
LSPBO;old
LSPBO;old
LSPBO;old
LSPBO;old
LSPBO;old
LSPBO;old
LSPBO;old
LSPBO;old
LFCCVFSCA;old
MSP;old
MSP;old
MSP;old
MSP;old
MSP;old
MSP;old
MSP;old
MSP;old
MSP;old
IIAVRHERACLAEPATETFILFBAR;old
LFCCVFSF;old
MSP;old
MSP;old
MSPO;old
QSP;old
QSP;old
QSP;old
LFCCVFS;old
LSSEX;old
LSSEX;old
LSSEX;old
LSSEX;old
LSSEX;old
MSST;old
ROMVLF;old
ROMVLF;old
LFCCVFS;old
ROMVLF;old
SALS;old
SALS;old
SALS;old
SALS;old
SALSA;old
SALSA;old
QSABEL;old
QSABEL;old
QSASC;old
LFCCVFS;old
QSASC;old
QSASC;old
QSASER;old
QSASER;old
QSASER;old
SALS;old
SALS;old
SALS;old
SALS;old
SALS;old
LFCCVFS;old
SAXXO;old
SAXOFERREO;old
SAXOFERREO;old
SAXOFERREO;old
SAXOFERREO;old
SAXOFERREO;old
SAXOFERREO;old
SAXOFERREO;old
SAXOFERREO;old
LFCCVFS;old
SAXOFERREO;old
SAXOFERREO;old
SAXOFERREO;old
SAXOFERREO;old
SAXOFERREO;old
SAXOFERREO;old
SAXOFERREO;old
SAXOFERREO;old
SAXOFERREO;old
LFCCVFS;old
SAXOFERREO;old
SAXOFERREO;old
SAXOFERREO;old
SAXOFERREO;old
SAXOFERREO;old
SAXOFERREO;old
SAXOFERREO;old
SAXOFERREO;old
SAXOFERREO;old
SAXOFERREO;old
LFCCVFS;old
SAXOFERREO;old
SAXOFERREO;old
SAXOFERREO;old
SAXOFERREO;old
SAXOFERREO;old
SAXOFERREO;old
SAXOFERREO;old
SAXOFERREO;old
SAXOFERREO;old
SAXOFERREO;old
LFCCVFS;old
SAXOFERREO;old
SAXOFERREO;old
SAXOFERREO;old
SAXOFERREO;old
SAXOFERREO;old
SAXOFERREO;old
SAXOFERREO;old
SAXOFERREO;old
LFCCVFS;old
SAXOFERREO;old
SAXOFERREO;old
SAXOFERREO;old
SAXOFERREO;old
SAXOFERREO;old
SAXOFERREO;old
SAXOFERREO;old
SAXOFERREO;old
SAXOFERREO;old
SAXOFERREO;old
IIAVRHERACLAEPATETFILFBAR;old
LFCCVFS;old
SAXOFERRE;old
SAXOFERRI;old
SAXOFERRI;old
SAXOFERRI;old
SAXOFERRI;old
SAXOFERRI;old
SAXOFERR;old
SAXOFERR;old
LFCCVF;old
SAXOFERR;old
SAXOFERR;old
SAXOFERR;old
SAXOFERR;old
SAXOFER;old
SAXOFER;old
SAXOFERRI;old
IVIX;old
SAXOFERRE;old
SAXOFERR;old
EVTY;old
SAXOFERR;old
EVTY;old
SAXOFERR;old
EVTY;old
SAXOFERR;old
EVTY;old
SAXFRCAELVARI;old
SAXFRCAELVARI;old
SAXFRCAELVARI;old
SAXFRCAELVARI;old
SAXFRCAELVARI;old
SASFRCAELVARI;old
SASFRCAELVARI;old
SAXFRCAELVAR;old
SAXFRCAELVAR;old
FSCIMNIANI;old
FSCMNIANI;old
FSCMNIANI;old
FSCIMNIANI;old
FSCIMNIANI;old
FSCIMNIANI;old
FSCIMN;old
FSCIMN;old
FSCIMNIANO;old
FSCIMNIANO;old
FSCIMNIANO;old
FSCIMNIANO;old
FSCIMNIANO;old
FSCIMNIANO;old
FSCIMNIANO;old
FSCIMNIANO;old
FSCIMNIANO;old
FSCIMNIANO;old
FSCIMNIANO;old
FSCIMNIANO;old
FSCIMNIANO;old
FSCIMNIANO;old
FSCIMNIANO;old
SCOROBRES;old
SCOROBRES;old
SCOROBRES;old
SECVND;old
SEM;old
SEMETPPI;old
SEMETPPI;old
LFCCVFS;old
MSEMPHEL;old
FSEN;old
FSEN;old
SEPT;old
IISER;old
IISER;old
SER;old
SER;old
SER;old
LFCCVFS;old
SER;old
SER;old
SER;old
SER;old
SER;old
SER;old
SER;old
SER;old
SER;old
SER;old
IIAVRHERACLAEPATETFILFBAR;old
LFCCVFS;old
SER;old
SER;old
SER;old
SER;old
SER;old
SERN;old
SERVIRO;old
SERVIRO;old
LFCCVFS;old
PSISIF;old
STPR;old
STPR;old
LFCCVFS;old
STST;old
STST;old
LFCCVFS;old
SVRI;old
STCA;old
STCA;old
STCA;old
LTSTR;old
LFCCVFS;old
CTYC;old
CTYC;old
CTYC;old
CTYC;old
CTYC;old
CTYC;old
CTYC;old
CTYC;old
CTYC;old
CTYC;old
LFCCVFS;old
CTYC;old
CTYC;old
CTYC;old
CTYC;old
CTYCCL;old
CTYCIL;old
CTYC;old
LFCCVFS;old
TALIANO;old
TALIANO;old
FICLINATREBECIANO;old
FICLINATREBECIANO;old
FICLINATREBECIANO;old
FICLINATREBECIANO;old
FICLINATREBECIANO;old
FICLINATREBECIANO;old
FICLINATREBECIANO;old
FICLINATREBECIANO;old
LFCCVFS;old
TREBECIANO;old
TREBECIANO;old
TREBECIANO;old
TREBECIANO;old
TREBECIANO;old
TREBECIANO;old
TREBECIANO;old
TREBECIANO;old
TREBECIANO;old
TREBECIANO;old
LFCCVFS;old
TREBECIANO;old
TREBECIANO;old
TREBECIANO;old
FTREBECIANI;old
FTREBECIANI;old
TVN;old
TVN;old
CVAIL;old
LFCCVFS;old
CVAIL;old
CVCV;old
QVCQVIR;old
QVCQVIR;old
QVCQVIR;old
QVCQVIR;old
IIAVRHERACLAEPATETFILFBAR;old
LFCVFS;old
PVCRISPSY;old
PVFAVSTINI;old
PVFAVSTINI;old
VFAVS;old
LVIVAR;old
CVS;old
LFCVFS;old
QVS;old
CVVA;old
CVVA;old
CVVA;old
CVVA;old
LFCVFS;old
LVALERITERTI;old
LFCVFS;old
LVTROPHIMI;old
LFCVFS;old
LVARP;old
VGLE;old
VGLE;old
VIROM;old
VIBIOR;old
VIBIOR;old
VIBIOR;old
LFCVFS;old
TVN;old
VIBR;old
VICTORICI;old
VICTORICI;old
VICTORICI;old
LFCVFS;old
VICTORIN;old
VINI;old
VIN;old
VMFC;old
VRSI;old
LFCVFS;old
VVI;old
SISY;old
SISY;old
SISY;old
LFCVFS;old
DHMOC;old
DIONY;old
AF;old
ANTIOC;old
CRAT;old
IIAVRHERACLAEPATETFILFBAR;old
LFCCVEXF;old
LEAL;old
LICCVIIR;old
LICCVIIR;old
LICCVIIF;old
LFCCVEXF;old
LICCVIIF;old
OANII;old
OANII;old
LFCCVEXFI;old
LIFERA;old
LIFERA;old
FSFB;old
FSFB;old
SAENINB;old
LFCVCEXFI;old
PHE;old
LITSE;old
FLEG;old
VLEC;old
MESI;old
LFCVCEXFI;old
MCEAL;old
RVM;old
ESFN;old
LFCVCEXFI;old
VIRIO;old
MQFS;old
LFCVCEXFI;old
LFCVCEXFI;old
ODV;old
KVFIGBARCOLSICEASI;old
LFCVCEXFI;old
LFCVCEXFI;old
FKAIS;old
LFCVCEXFI;old
LFCVCEXFI;old
LFCVCEXFI;old
LFCVCEXFI;old
LFCCV;old
KVFIGBARCOLSICEASI;old
LFLVCCVFP;old
LFLVCCVFP;old
KVFIGBARCOLSICEASI;old
GFSCVFC;old
GFSCVFC;old
GFSCVFC;old
GFSCVFC;old
KVFIGBARCOLSICEASI;old
GFSCVFM;old
FCCVFPAC;old
LFCVFS;old
LFCVFS;old
PARVA;old
FIGEDOPPAEFVSCIANI;old
FIGEDOPPAEFVSCIANI;old
FIGEDOPPAEFVSCIANI;old
FIGEDOPPAEFVSCIANI;old
FIGEDOPPAEFVSCIANI;old
FIGEDOPPAEFVSCIANI;old
FBARB;old
FIGEDOPPAEFVSCIANI;old
FIGEDOPPAEF;old
FIGEDOPPAEF;old
FBARB;old
FIGEDOPPAEF;old
FBARB;old
FIGEDPPAEF;old
FIGEDPPAEF;old
FBARB;old
FIGEDPPAEF;old
FIGEDPPAEF;old
FIGEDPPAEF;old
FIGEDPPAEF;old
FIGEDPPAEF;old
VIRG;old
DATZCOL;old
FIGEDPPAEF;old
QMR;old
PNN;old
FBARB;old
FIGEDPPAEF;old
FIGEDPPAEF;old
FIGEDPPAEF;old
PMOCVFIGEDO;old
PMOCVFIGEDO;old
PMOCVFIGEDO;old
FIGBAR;old
PMOCVFIGEDO;old
DATZCOL;old
PNN;old
TFAMV;old
PMV;old
QNDPRIM;old
FLFBASE;old
CAS;old
PNN;old
LIVNIMELISSI;old
FLFBALN;old
PMOCVFIGEDO;old
PNN;old
LIVNIMELISSI;old
PNN;old
LFCFP;old
FLORI;old
FMFP;old
PORTO;old
PNN;old
PNN;old
POPVLI;old
PAM;old
VITALIS;old
PMOCVFIGEDO;old
LFT;old
PNNF;old
FCERARIA;old
FIIRMI;old
EVTYCHIANI;old
REC;old
GRADOS;old
GRADOS;old
PNNF;old
PNN;old
LIMAFP;old
PMOCVFIGEDO;old
FPAT;old
PNNN;old
ASVLE;old
POPVLI;old
FIGMED;old
PMOCVFIGEDO;old
PNNN;old
PNN;old
PAT;old
FQAR;old
HEVELP;old
QPFRIXI;old
PMOCVFIGEDO;old
GRA;old
QCM;old
LFCVFM;old
PNNF;old
FPAT;old
PNNN;old
TFAMV;old
PMOCVFIGEDO;old
GRADOS;old
FFT;old
FIGVLGEMELVALERIANI;old
FIGBAR;old
PMOCVFIGEDO;old
IVN;old
PNNF;old
PNNF;old
PNN;old
QIMFN;old
QIMFN;old
QIAFS;old
MATDEFICNASMARSI;old
QNDPRI;old
TFAMV;old
DOMS;old
MFRONF;old
FIGBAR;old
PMOCVFIGEDO;old
PMOCVFIGEDO;old
PNN;old
GRA;old
TAM;old
PMOCVFIGEDO;old
DOMS;old
QIAFS;old
QSASER;old
QMR;old
TAM;old
PMOCVFIGEDO;old
LFCCVCAT;old
FIGVLGEMESILVINIL;old
CAP;old
FQAR;old
FICN;old
ARVAP;old
GRA;old
FPAT;old
FPAT;old
FIGVLGEMESILVINIL;old
PNN;old
FIGMED;old
PMOCVFIGEDO;old
PNN;old
ILFT;old
PORTO;old
PORTO;old
PNNAR;old
PNN;old
PNN;old
QIAFS;old
GRA;old
FCVCVM;old
PMOCVFIGEDO;old
PNNAR;old
FIGMED;old
PNN;old
LQA;old
ROMVLII;old
DIONY;old
CAP;old
PNN;old
TATILIASTICI;old
PNN;old
ACIR;old
FIGBAR;old
PMOCVFIGEDO;old
CAS;old
GRA;old
PORTO;old
POPVLI;old
PORTO;old
MATDEFICNASMARSI;old
POPVLI;old
PORTO;old
CALL;old
ILFT;old
GRA;old
ILFT;old
POPVLI;old
PMOCVFIGEDO;old
PNN;old
PNN;old
PORTO;old
POPVLI;old
PNN;old
NIGR;old
CADINE;old
LCHE;old
EQFA;old
DOR;old
QMR;old
LIDFITALICAE;old
GPC;old
PMOCVFIGEDO;old
AQFVA;old
LCANT;old
POPVLI;old
FPAT;old
FPAT;old
MATDEFICNASMARSI;old
GRA;old
CAPR;old
LFFG;old
PMOCVFIGEDO;old
MHC;old
MGG;old
LIMFP;old
FCERA;old
PMOCVFIGEDO;old
FIGBAR;old
PMOCVFIGEDO;old
PMOCVFIGEDO;old
PMOCVFIGEDO;old
PMOCVFIGEDO;old
PMOCVFIGEDO;old
FIGBAR;old
PMOCVFIGEDO;old
PMOCVFIGEDO;old
PMOCVFIGEDO;old
PMOCVFIGEDO;old
FIGBAR;old
AVGGGNNNCOLEARIFGRV;old
FIGBAR;old
AVGGGNNNCOLEARIFGRV;old
AVC;old
AVGGGNNN;old
AVGGGNNN;old
AVGGGNNNFICVLBARBA;old
AVGGGNNNNFIGVLBAR;old
AVGGGNNNNFIGVLBAR;old
AVGGGNNNCOLEARIFBARB;old
AVGGGNNNCOLEARIFBARB;old
AVGGGGNNNCOLEARIFCEPA;old
AVGGGNNNCOLEARIFGRV;old
PMOCVFIGEDO;old
FIGBAR;old
PMOCVFIGEDO;old
PMOCVFIGEDO;old
FIGVLGEMESILVIVIL;old
LFCCVCAT;old
LFCCVFM;old
LFCCVFS;old
CAP;old
ARAXIFM;old
ARAXIFM;old
DATSCOL;old
AVRSTR;old
AVRSTR;old
FC;old
GAMILISILVESTRI;old
FIGVLGEMELVALENTIS;old
GDEC;old
EROTIS;old
LFCFP;old
FOLS;old
GRA;old
QIAFS;old
LIVNIMELISSI;old
IIIVNMELISSIETMELISSE;old
FIGVLGEMELVALENTIS;old
QNDFAB;old
QNDFAB;old
QNDFAB;old
FPAT;old
MQFF;old
MQFP;old
GRADOS;old
LSAR;old
LSAR;old
FIGVLGEMELVALERIANI;old
CTYC;old
CTYC;old
LVIV;old
VE;old
SAFLV;old
AITFISP;old
FBEL;old
FIGBAR;old
FIGVLGEMELVALERIANI;old
FIGCSIC;old
FGRV;old
DYIV;old
DEFBA;old
QESVSV;old
CER;old
PNN;old
FIGVLGEMELVALERIANI;old
QPTATI;old
QVINTI;old
SCAL;old
CANTQVIETI;old
BELI;old
DEFBA;old
MICB;old
LIVNIMELISSI;old
QIA;old
FGEM;old
GEMEL;old
GEMELI;old
GEMELI;old
GEME;old
FIGGEMELLIANI;old
MATFFMARSIANESSES;old
MATFFMARSIANESSES;old
MATFFMARSIANESSES;old
MATFFMARSIANESSES;old
MATFFMARSIANESSES;old
MATDFMARSIANESSES;old
MATDFMARSIANESSES;old
MATDFMARSIANESSES;old
MATDFMARSIANESSES;old
MATDFMARSIANESSES;old
MATDFMARSIANESSES;old
AVGGGNNNFIGVLCEPA;old
MATDFMARSIANESSES;old
MATDFMARSIANESSES;old
MATDFMARSIANESSES;old
MATDEFICLINASMARSIA;old
MATDEFICLINASMARSIA;old
MATDEFICLINASMARSIA;old
MATDEFICLINASMARSIA;old
MATDEFICLINASMARSIA;old
MATDEFICLINASMARSIA;old
MATDEFICLINASMARSIA;old
AVGGGNNNFIGVLCEPA;old
MATDEFICLINASMARSIA;old
MATDEFICLINASMARSIA;old
MATDEFICLINASMARSIA;old
MATDEFICLINASMARSIA;old
MATDEFICLINASMARSIA;old
AVGGGNNNFIGVLCEPA;old
FIGMED;old
FIGMED;old
FIGMED;old
FIGMED;old
FIGMED;old
MEDIANAE;old
MEDIANAE;old
MEDIANE;old
MEDIANE;old
MEDIANE;old
MEDIANE;old
MEDIANE;old
MEDI;old
PMOCVF;old
PMOCVF;old
PMOCVF;old
PMOCVF;old
PMOCVF;old
PMOCVF;old
PMOCVF;old
FVNDIPERSEIANI;old
IIAVRHERACLAEPATETFILFCEPAR;old
SCALCELS;old
SCALGAB;old
SCALHER;old
SCALNICE;old
SCALESEN;old
SCALESEN;old
IIAVRHERACLAEPATETFILFCEPAR;old
SCALES;old
SCALES;old
SCAL;old
SCAL;old
SCAL;old
SCAL;old
SCAL;old
SCAL;old
SCAL;old
SCAL;old
IIAVRHERACLAEPATETFILFCEPAR;old
SCAL;old
SCAL;old
SCAL;old
SCAL;old
SCAL;old
SCA;old
SCA;old
SCA;old
SCA;old
SCA;old
IIAVRHERACLAEPATETFILFCEPAR;old
SCA;old
SCA;old
SCA;old
SCA;old
SCA;old
IIAVRHERACLAEPATETFILFCEPAR;old
KVFICCEPACOLLEOPAR;old
KVFICCEPACOLLEOPAR;old
AVGGGNNNCOLEARIFGRV;old
AVGGGNNNCOLEARIFGRV;old
VIRGINENSIA;old
VIRGIN;old
VIRGIN;old
VIRGIN;old
VIRCIN;old
VIRCIN;old
VIRCIN;old
VIRCIN;old
VIRCIN;old
VIRCIN;old
VIRCIN;old
VIRG;old
VIRG;old
VIRG;old
VIRG;old
VIRG;old
IIAVRELHERACLAPATETFILFCRVM;old
QAR;old
VIRG;old
VIRAV;old
VIRAV;old
VIRAV;old
VIRAV;old
VIRAV;old
VIRAV;old
VIRAV;old
IIAVRELHERACLAPATETFILFCRVM;old
VIRAV;old
VIRAV;old
VIRAV;old
VIRAV;old
VIRAV;old
VIRAV;old
VIRAV;old
VIRAV;old
VIRAV;old
VIRAV;old
IIAVRELHERACLAPATETFILFCRVM;old
VIRI;old
VIRI;old
VIRII;old
VIRII;old
VIRII;old
VIRIII;old
VIRIII;old
VIRIII;old
VIRIII;old
VIRIII;old
VIRIII;old
VIRIII;old
VIRIII;old
VIRIII;old
VIRIII;old
CINLCAN;old
VIRIII;old
VIRIIII;old
VIRIIII;old
VIRIIII;old
VIRIIII;old
KVFIGGRVMCOLSICETASI;old
VIRIIII;old
VIRIIII;old
VIRAV;old
VIRAV;old
VIRIIII;old
KVFIGGRVMCOLSICETASI;old
LIDFITALICAE;old
LIDFITALICAE;old
LIDFITALICAE;old
LIDFITALICAE;old
LIDFITAL;old
LIDFITAL;old
LIDFITAL;old
LIDFITAL;old
LIDFITAL;old
