stamp;cout;dig
+FF.;1;dig6
+R+;1;dig11
POPVL.;1;dig11
.ANTONIQVIE+;1;dig12
YOPHL.;1;dig8
PALFO;1;dig10
FPAT;1;dig11
MLPIC;2;dig7
QVCVIR;1;dig12
SCLH;1;dig6
MLPIG;2;dig5
VIRCIN;2;dig8
SCLT;2;dig7
SCLT;1;dig2
+OC+;1;dig5
VIRT;1;dig9
FAVSTIN+;1;dig4
FCAV;1;dig5
MAT;2;dig11
.CI;1;dig8
MA+;1;dig11
SNR;4;dig8
SNR;29;dig12
SNR;6;dig1
+F.;1;dig8
+CVSF;1;dig11
CONSF.;1;dig4
TREBECIANO;1;dig5
FC+;1;dig11
+ALI+;1;dig5
FMFP;2;dig4
FMFP;5;dig5
FMFP;3;dig7
FMFP;1;dig11
FMFP;2;dig3
BEL;1;dig12
S.F+;1;dig8
FMFA;2;dig2
+RG;1;dig6
.CEPS.;1;dig5
LSE;1;dig11
LFCFP;1;dig5
LFCFP;2;dig11
+YC+;1;dig9
NCCRESC;1;dig7
+A+;2;dig5
+CXII+;1;dig11
+ELBCAN;1;dig9
+LF;1;dig11
GRA;1;dig10
GRA;3;dig11
.FCCVF+;1;dig5
FCERARA;1;dig11
+CCIT+;1;dig11
.F+;1;dig11
CE+;1;dig11
+FN+;1;dig5
+DIAB;1;dig6
FMFP;1;dig5
.QR;1;dig5
.QS;1;dig6
FIG+PAEF;1;dig5
I.FT;1;dig4
+RC+;1;dig5
IIIVNIMELISSI+;1;dig11
FPATAVGN+;1;dig5
PHFCO.;1;dig12
FCVCV.;2;dig5
LFCCAE;1;dig10
FIG.E.;2;dig4
+FF;1;dig3
LSACV;1;dig4
LSACV;1;dig11
LC;1;dig11
+OPVI+;1;dig11
IIIVNIMELISSIETMELISS.;1;dig5
AEMEN;1;dig5
+FERI;1;dig10
CORCLE;2;dig1
HERM.;1;dig4
+FCVV+;1;dig11
ROMVLVSF;1;dig7
P+I+M.;1;dig5
+V+;1;dig5
CTYC;1;dig10
PNN;24;dig4
PNN;9;dig5
PNN;1;dig6
PNN;3;dig7
PNN;51;dig11
PNN;3;dig3
IN+PAT+;1;dig11
+VCVM;1;dig4
+NAPRI;1;dig11
ARAXIFM;2;dig3
QFFC;1;dig10
+XOFERREO;1;dig5
FIGBAR;3;dig4
FIGBAR;1;dig5
FIGBAR;1;dig11
+T+;1;dig4
+C;1;dig9
SAL;1;dig8
QAE+;1;dig6
+PV.;1;dig2
OFGRAROP;2;dig11
SAXOFERR+;2;dig6
+CA;1;dig8
LFCVF.;2;dig11
+C.;1;dig8
+FRA+;1;dig7
VICTORIN.;1;dig5
ASYLLFELIC;1;dig8
+FCC+;1;dig5
O+;1;dig5
.OPV+;1;dig4
+OCV+ED.;1;dig4
SSCF;1;dig8
APM;1;dig11
AEM+;1;dig5
IIAVRHERACLAEPATETFILFCEPAR;1;dig11
FCF+;1;dig5
+VNICIANI;1;dig4
+MD;1;dig11
PCLODII+;1;dig6
MF+;1;dig10
+FC+;1;dig5
+DEFIC.ASMARSI;1;dig4
III.FIILVP;1;dig5
+CFV+;1;dig8
AKAKOY;2;dig12
+FVIFN;1;dig11
.IRMI;1;dig5
.CM;1;dig12
LFCCVFCAT;1;dig10
CI+B;1;dig8
AFK;1;dig5
+CVVVC+;1;dig11
PM+;1;dig5
QIA+;1;dig11
+AL+;1;dig11
CTYC;1;dig6
CTYC;2;dig8
I+ET+;1;dig5
+AT;1;dig4
AEMEN;1;dig11
MFEPAPHRODI;2;dig12
PCICEL.;1;dig8
LFECICI.;1;dig12
+CT+;1;dig10
LFCCVFC.;1;dig5
IVLIA;1;dig7
+PA+RC;1;dig11
EVH+;1;dig4
CIALB;4;dig6
CIALB;1;dig8
CIALB;10;dig2
+QOTOP+;1;dig8
QPPHRI;1;dig9
+LFO;1;dig10
+III+;1;dig4
LFCNO.;1;dig4
FLGVILOP+OCIEX.R+AE;1;dig10
M+;1;dig3
QAF;2;dig10
XIIIIHP;2;dig5
XIIIIHP;1;dig11
+FN;1;dig8
MMCSVR;1;dig8
MMCSVR;4;dig12
FPA.;3;dig4
LFF.IN;1;dig9
PPAC;1;dig7
PPAA;1;dig5
QFC+;2;dig9
DEMOSTEN.;1;dig11
SVCCE+;1;dig11
LFCRDFN;1;dig11
+P;1;dig5
M+I+;1;dig11
+CAL;1;dig3
MLS+;1;dig7
+QAO+;1;dig10
+FPC;1;dig3
SCNO+;1;dig4
.ALLIS;1;dig4
.QAR;1;dig4
+CVFSF;1;dig5
MLFCT+;1;dig7
.MFP;1;dig5
.FCNOV;1;dig4
+VPBE+;1;dig12
GAVFL;1;dig11
GAVFL;1;dig3
PMM;1;dig5
AQF+;1;dig1
.MA.ALLAID+;1;dig3
+VCC;1;dig3
PAS;1;dig7
PAT;7;dig11
Q+;1;dig7
QIAF;1;dig10
FPAEN+;1;dig5
QIAS;6;dig11
CAE.IFB;1;dig12
PN.;2;dig4
PN.;1;dig5
PN.;8;dig11
DOM;1;dig12
+MS+;1;dig11
PQFF;1;dig2
IIIENNIIVL;3;dig2
LFCRES+;1;dig3
SAXXOFER;1;dig12
FCAV;1;dig3
+NPG+;1;dig4
IIIENNIIVL;1;dig2
LF;1;dig11
F+NI+;1;dig11
CICVTE;1;dig1
DOMS;3;dig8
DOMS;3;dig12
DOMS;3;dig1
CALISTI;2;dig5
+DFM.;1;dig5
VICT.;1;dig11
EVHELP;1;dig4
EVHELP;1;dig11
VICT;1;dig5
VICT;1;dig11
NICXIII.;1;dig4
PAT;1;dig11
+VI;1;dig5
TF+;1;dig4
+QARP;1;dig1
+FL+;1;dig7
EVHELPI+;1;dig4
LFCC+;2;dig5
LFCC+;1;dig11
LFFC+;1;dig5
SAXFRCAELVARI;1;dig11
QIAFC;2;dig7
LQS;1;dig10
CNAEC;1;dig6
LCMY;6;dig5
LCMY;17;dig7
LCMY;18;dig3
QIAFS;1;dig8
QIAFS;2;dig12
QIAFS;1;dig11
SABCVACMV;2;dig8
LQA;1;dig11
Q+;1;dig6
C;1;dig7
C;1;dig8
C;1;dig11
LCM;1;dig5
SLFCL;1;dig2
LCM.;1;dig11
R+;1;dig4
C+;1;dig9
LIMFP;1;dig11
IIIVNIMELISSI+FPATERNI;1;dig5
VICTOR;1;dig4
VICTOR;1;dig5
PPA.;2;dig5
+LINAIQE+ECIAN+;1;dig10
EQFA+;1;dig1
.SLMF;1;dig11
IIIF.BEQV;1;dig5
+NN+RNR;1;dig11
DO;1;dig10
ASAI+;1;dig11
MAX+;1;dig11
C+;2;dig10
FOIAS;1;dig11
P.LICELI+;1;dig9
.MOCV.IGE+;1;dig4
.CH.;1;dig6
EROTIS;1;dig5
EROTIS;1;dig7
LFCCVCAT;2;dig4
NICX+;1;dig4
CA;1;dig8
+FCVFM;1;dig11
CV;1;dig5
APFS;1;dig4
APFS;2;dig11
LQ.;1;dig11
+PCF;1;dig11
FIGCEP;1;dig4
PORTO;3;dig4
PORTO;1;dig11
+VLLVS.;1;dig3
+ASEL;1;dig11
SAXFBRCAELVARI;1;dig11
SCIMNIANI;1;dig11
+VFS;1;dig11
.FCCVFCAT;3;dig5
GLPVDE;1;dig2
QIMFN;3;dig8
QIMFN;5;dig12
QIMFN;1;dig1
+DEFIC+;1;dig4
+ODV;2;dig11
+DIMARS+;1;dig5
TAN;1;dig10
+IMF;1;dig10
+CFP;1;dig5
CIIVIH;1;dig10
.FCC+;1;dig5
LFCROMA+;1;dig6
SAXOFERRI;1;dig6
SAXOFERRI;1;dig8
SAXOFERRI;1;dig9
SAXOFERRI;1;dig10
+V+FP;1;dig8
SAXOFERRO;3;dig2
IIIFFIILV.;1;dig4
LFCVFS;2;dig11
LFCDP;1;dig11
+CCVV+;1;dig11
+RGI;1;dig4
+MED;1;dig4
CARI.;1;dig12
IIIENNIIVL;2;dig6
FTREBECIANI;1;dig8
HERMO;1;dig4
.IAFS;1;dig12
+VALB;1;dig8
QCLCV+;1;dig8
CELER;3;dig4
CELER;1;dig11
+IAX+;1;dig11
+D+;1;dig4
QPPHRYQPP;1;dig9
IVLI+;1;dig5
+VLC+;1;dig11
QCCCI;3;dig8
FIGLINASECA.;1;dig11
+NEIKOY;1;dig8
IIM+;1;dig4
+C+;1;dig5
+NES+;1;dig8
PSDL;1;dig2
+QCP+;1;dig11
PMF.;1;dig5
MATDFMARSIANESSES;2;dig11
.PAC;1;dig11
.PAA;2;dig5
PARVA;1;dig11
IVLEGN;1;dig12
+IB;2;dig6
+MFN+ACIRC;1;dig11
+M+;1;dig5
LCQA;1;dig10
.FCC+AT;1;dig4
+IS;1;dig5
LFCCVFI.;1;dig11
.VGGGNNN+LEARIFBA+;1;dig11
LFBCOL;1;dig11
FQAR;5;dig4
+FIA+;2;dig11
POP+;2;dig4
POP+;1;dig11
+CVF.;1;dig11
CAPF;3;dig7
CAPF;1;dig3
QIAF+;1;dig6
+RS+;3;dig5
.NN;4;dig4
.NN;3;dig5
.NN;3;dig11
+IM+;1;dig11
AVGGGNNNFIG+LC+;1;dig11
ARN.;1;dig10
FP.;1;dig8
LFC+V+;1;dig11
CAFFM;1;dig1
QC.;4;dig8
IIIVNIMELISSI+LISSE;1;dig5
PMOCVFIGEDO;1;dig4
QMS;2;dig7
QMS;1;dig12
QMS;2;dig3
QMR;3;dig12
QMR;1;dig2
.IGED+;1;dig5
QMC;1;dig5
SAXOF+;1;dig10
M+;1;dig8
IIIVNIMELISSI+M+;1;dig5
.FCCVF+;1;dig11
+MFA+;1;dig4
ALFO.;1;dig10
.VGGGNNN+GVLBARB.;1;dig11
CMTC.;1;dig1
P.NA;1;dig6
CFSA.;1;dig12
QNDP+;1;dig12
+RODV;1;dig11
.MN;1;dig6
VIAI;1;dig10
L+;1;dig11
AMICI;1;dig7
CN.;1;dig11
QCV;1;dig11
LFCCO;1;dig11
ASVLFVSC;1;dig8
LFCCV;1;dig11
QCI;1;dig6
QCI;3;dig8
.ENTI.;1;dig11
QCM;1;dig8
.ORTO;2;dig4
KVF+COLLEOPA.;1;dig11
SCL;1;dig8
+FT;2;dig4
FINETOY;1;dig12
CR+;1;dig9
+M+;1;dig5
+M+;1;dig6
+M+;1;dig11
+COL+;1;dig11
LMRLMP;1;dig1
LIVNIMELISSIP;1;dig5
LFCCV+;2;dig11
FVNBELRPI;1;dig1
FIRMI;1;dig4
FIRMI;1;dig3
SCA;1;dig1
CI.LB;1;dig6
+CRDEP;1;dig11
IIMINACRETCAL;3;dig4
IIMINACRETCAL;1;dig5
ISVIRG;1;dig5
ISVIRG;3;dig7
ISVIRG;3;dig3
CALLISTVSF;5;dig7
+LV+;1;dig4
.AXOFER;1;dig10
+F+;1;dig11
LIDIFITAL;1;dig10
MATDEFICNASMARSI;8;dig4
M+M;1;dig1
B+;1;dig11
MQF.;1;dig8
LFCCVFCAT;1;dig4
+API;1;dig11
CMA;5;dig6
.OPVLI;1;dig4
.MFP;1;dig5
FIGVLGEME+VINIL;1;dig4
+C+;1;dig2
.CICELI;1;dig6
LIT.;1;dig11
+T;2;dig4
IIIENNIIVL;2;dig2
II.AVRHERACLA.PATETFILFCEPA+;1;dig11
CA+;1;dig4
LC+M.;1;dig11
TFAM.;1;dig4
AVG+;1;dig11
SIIP;1;dig11
CANRVF;1;dig2
LFCCV+;1;dig10
MS;5;dig11
+CVFC+;1;dig4
DOM;1;dig12
DOM;1;dig1
DOM;1;dig11
+CERAR+;1;dig11
+V;1;dig9
LACV+;1;dig11
MCFRIGD;1;dig8
MCFRIGD;2;dig9
LIS;1;dig11
PSAI.;1;dig2
+COR;1;dig9
IISE.;1;dig8
MCFRIGI;1;dig9
+IS;1;dig11
+BELI;1;dig12
F;1;dig11
+FIP;1;dig10
+NI+;1;dig4
SALS;1;dig5
+CV+;1;dig5
.CM.;1;dig5
QIMF;2;dig6
QIMF;1;dig12
QIMF;2;dig2
VITALIS;1;dig4
FPATERNI;1;dig7
FPATERNI;1;dig3
QIMS;2;dig12
.FRIG.;1;dig9
LASFIC;2;dig2
LF+;1;dig5
+D;1;dig11
ALBM+ARCIAN;1;dig11
DIONI;5;dig4
.FCCV;1;dig11
QQFM.;1;dig8
FIBAR;1;dig4
+HP;1;dig5
+DO;1;dig4
QN+L;1;dig5
CA.;2;dig4
AR+;1;dig11
CIMASECA;1;dig10
FLFBARI;1;dig7
AVG;1;dig4
AVG;1;dig5
CERC;1;dig4
CERC;1;dig5
RIVESQIAFS;1;dig6
VICTORICI;1;dig5
CERARIA;1;dig7
+GG+VL+;1;dig11
+MINACRETCA.;1;dig4
+FLAI+CANO+;1;dig10
LIT;2;dig4
LIT;1;dig5
LIT;5;dig7
LIT;2;dig3
LIT;16;dig11
QI+;1;dig2
+ACHR;1;dig1
LIS;2;dig11
LIS;6;dig11
+RVFIP;1;dig9
NICXIII;1;dig11
HERACLETFILFMAR;1;dig11
LFFCXI.;1;dig5
FIGVLGEMESILVINIL;1;dig4
TAN;1;dig10
+CAVF+;1;dig5
MOXM.;1;dig11
LFCCV+;1;dig11
+MELISSI+MELISSE;1;dig5
PMO+FIGE+;1;dig4
IIIENNIIVL;1;dig2
LALRD.;1;dig12
FCV+;1;dig4
III;1;dig10
Q+;1;dig2
IVL.I;1;dig4
.TR;1;dig5
QI+;1;dig12
A+;1;dig3
PNNF;7;dig4
PNNF;4;dig5
PNNF;2;dig11
VIRG.;1;dig11
PNNS+;1;dig11
CM+;1;dig11
+O+;1;dig4
VIRII;2;dig8
+CVFS;1;dig11
FBSAT+;1;dig5
VIRG;1;dig11
F.GMED;2;dig4
MMACSVR;2;dig1
LFCRDVII.;1;dig11
LFCF+;1;dig5
FICB+;1;dig4
PNN.;1;dig4
PNN.;4;dig5
PNN.;1;dig11
PNN;1;dig5
IIIMINICIOR;2;dig11
IIIVNIMELISSIETMELISSE;11;dig5
IIIVNIMELISSIETMELISSE;4;dig11
LFCABAB;4;dig2
+ABXIII+;1;dig11
F.AT.;1;dig11
SER;2;dig12
CA+;1;dig8
NCLEVT;1;dig11
FIGEDPPAEF;1;dig7
FIGEDPPAEF;1;dig3
MD+;1;dig9
+SPM+;1;dig12
+ASY;1;dig4
+VLI;1;dig10
+ED+F;1;dig2
+LI.;1;dig11
+ASS+;1;dig8
LPAEOA;1;dig5
LPAEOA;3;dig7
LPAEOA;1;dig3
LFCC+N;1;dig4
+CEPA+EOPAR;1;dig6
IIMINACRETCAL;2;dig4
FICBAR;1;dig4
DC;1;dig10
PMFA;2;dig5
+ER;1;dig12
+ER;1;dig11
+M;1;dig12
.FCRDEP;1;dig11
QF+;1;dig9
QERV;1;dig3
BVR.;1;dig4
BVR.;1;dig11
FTAV+;1;dig8
IIIENNIIVL;4;dig6
+C;1;dig7
+EF+;1;dig10
PIV+;1;dig10
D+;1;dig10
PQPRIX;1;dig2
.NN;1;dig11
+FII+MA+;1;dig11
PM;1;dig11
+N;1;dig11
MCLS;1;dig7
MCLS;1;dig3
+M+SI;1;dig11
+PTV.;1;dig12
MIRT;1;dig12
ARA+;1;dig11
+NN+BARBA;1;dig11
+XFERCAELVR;1;dig11
SAXFER;1;dig8
+G;1;dig11
.ATDEFICLI.ASMARSIA;1;dig4
+AXOF;1;dig9
.PAT;3;dig4
.OMS;1;dig12
IVLDAVGN;1;dig11
+O;1;dig8
IIIVNIMEL+ETMELIS+;1;dig5
IIAVRHERACLAEPATETFILFC+;1;dig11
+PE+;1;dig5
MC;1;dig7
BELL;1;dig11
+EC;1;dig11
CMISC;1;dig8
FMFP;1;dig5
.VCVNDINI;1;dig4
VIRIIII;3;dig6
+RG;1;dig3
+IFM+;1;dig5
IIIMINICIOR;1;dig4
LFCCV+M;1;dig11
CFEVT+;1;dig7
+M;1;dig5
PCICL;1;dig9
LIVNIMELISSI;4;dig4
LIVNIMELISSI;2;dig5
LIVNIMELISSI;3;dig11
+ADIN+;1;dig4
AQ+;1;dig8
FSC;1;dig5
FSC;1;dig7
FSC;2;dig3
FPATERNI;1;dig11
PER;1;dig4
PCSSCVMARIA;1;dig11
+DFITALICAE;1;dig8
BE+;1;dig12
SNR.;1;dig1
ARVASALS;1;dig7
GRA+;1;dig10
L+;1;dig2
GRA;2;dig4
PNNFIGMED;2;dig4
LIT;1;dig11
+CABAB+;1;dig6
CAECOR;1;dig9
+ONS+;1;dig4
CLM+;1;dig12
IIIENNIVL;2;dig8
NRVFI.;1;dig10
FCECARA;1;dig11
IIQQETCF;1;dig5
+MVDC+;1;dig10
LFC;3;dig6
PERSEI;1;dig11
+FIG+;1;dig4
FCVCV;1;dig11
+T;1;dig4
DIA;1;dig8
DIA;1;dig12
DIA;1;dig11
+BAR+;1;dig11
QNDFAB;1;dig12
.SCIM.IANO;1;dig5
PCLICE+;1;dig8
ILFT;9;dig4
+AFM.;1;dig11
.MO.V+O;1;dig3
+CPAP;1;dig4
C+SI+;1;dig6
Q+;1;dig2
QVCCF;1;dig5
PCLODIICELI;1;dig10
PP+;1;dig5
+NNIV;1;dig9
OCV+;1;dig5
+VIRIII;1;dig9
PNN;1;dig11
MQ+;1;dig12
+OPPAE+;1;dig5
LQ+;1;dig10
+CCVCAT;1;dig5
NRVFIP;1;dig10
PNN;2;dig4
PNN;1;dig5
+MELISSI+ELISSE;1;dig5
+C+FLC+;1;dig6
PNN;1;dig11
+TALI.;1;dig4
+AVRHERACLA.PATETF+;1;dig11
+TR;1;dig11
PCAG+NIG+;1;dig8
SACXII.;1;dig11
EL+;1;dig9
+POP+;1;dig5
LVPXII+;1;dig11
LA.;1;dig12
SVBVLCI;1;dig5
MMCS+;1;dig8
+NTITOC.;1;dig11
PCLICELI;1;dig11
TM;1;dig11
GRAS+;1;dig5
+AO+;1;dig9
ISMILOF;4;dig7
ISMILOF;2;dig3
FINE;1;dig11
MACCVT;1;dig11
PNEN.;1;dig11
+IM;1;dig10
QMCALIADIS;1;dig11
QIV+;1;dig9
+V;1;dig5
+GGGNNN+GVLBARB.;1;dig11
.VGGG+FIGVLBARBA;1;dig11
.CMY;1;dig5
+S;1;dig11
MFQF;1;dig12
+MARSIANESSES;1;dig11
LCANTP;1;dig8
LCANTP;1;dig12
LCANTP;2;dig1
LCANTP;1;dig11
+TAI;1;dig10
LFCC+;1;dig5
DATSCOL;3;dig12
MAT+;1;dig4
+ORT+;1;dig11
VHL.;1;dig4
PAT;1;dig11
QIMII+;1;dig9
NN;1;dig10
QCI;1;dig8
CONSFC;1;dig4
MS+;1;dig11
+VFI;1;dig3
FPAT;4;dig4
+QC+;1;dig11
AEL+N.;1;dig11
QIAF;1;dig9
.LFT;1;dig4
+ALIC+;1;dig2
+MAT+L;1;dig6
AND+;1;dig7
.IS.;1;dig11
LFDCOL;1;dig3
FPATERNI;1;dig11
FBA;1;dig11
+LAT+;1;dig11
DEFBA;1;dig5
CONS+;1;dig4
CONS+;1;dig11
DIONYS;1;dig5
BEL+;1;dig12
.IIENNII+;1;dig8
MLP+;1;dig12
+FVPAI+;1;dig11
LIDF+;1;dig10
NHY.;1;dig11
.ORODV;1;dig5
.ORODV;1;dig11
FIRM.;1;dig5
.AXOFERREO+;1;dig8
GENETIV;4;dig5
GENETIV;1;dig11
+TIS;2;dig5
PPCA.;2;dig5
ANTI+;1;dig11
+OCV+EDO;1;dig5
ARAX+;1;dig11
MAXC;1;dig11
SIR;1;dig12
AVGG;1;dig11
PRIM;1;dig11
EVTYC;1;dig4
EVTYC;2;dig5
.AP;2;dig4
CHSES.;1;dig8
+FSF;1;dig5
LFCCVF+;1;dig4
LFCCVF+;2;dig5
LFCCVF+;2;dig11
POPVLI;9;dig4
POPVLI;1;dig5
TAM;1;dig8
TAM;1;dig12
TAM;4;dig1
C+ALB;1;dig6
+XOFERRI;1;dig6
LI+;1;dig2
CIV+;1;dig10
PN.;1;dig11
+PO;1;dig9
BELICI;1;dig12
LFCC+;1;dig5
EROTIC.;1;dig3
PMG+;1;dig10
VIBIO;2;dig12
+VNMELISS+MELISE;1;dig11
MCFR.;1;dig8
MA+;1;dig11
AVN.;1;dig11
IIIFFIILVP;2;dig4
GSACI;1;dig12
+E;1;dig4
+RVSTI.;1;dig5
ACIRGI;1;dig5
SVCCESS;2;dig11
AVCGICV;1;dig11
DONATI;1;dig5
+RIS;1;dig11
+CVFM;1;dig10
ILF.;1;dig4
MF.A+;1;dig5
+CVFN;1;dig11
CISVII;1;dig11
N+;1;dig6
.VGGGNNN.IGV.BAR+;1;dig11
FCVC+;1;dig5
+VFS;2;dig5
FIGME+;1;dig10
QF+;1;dig8
LFC;1;dig5
+IG+PPAE.;1;dig5
LFT;2;dig4
+CCVC+;1;dig5
LIDFITALICAE;1;dig12
LIDFITALICAE;2;dig1
+MHP.;1;dig8
+VCA.;1;dig4
QMR;1;dig11
+ROCLIN+;1;dig7
GMMF;1;dig7
GMMF;1;dig3
.I+P.A+;1;dig5
+ICIANI;1;dig4
LFCCVF+;1;dig5
CN+;1;dig8
FMFP;2;dig5
FIGMED;11;dig4
NICXI;1;dig11
CAS;4;dig4
CAS;2;dig5
CAP;21;dig4
CAP;2;dig5
CAP;1;dig11
AVGGG;2;dig11
CAI;1;dig1
LFFE.;1;dig5
EVTYCH;1;dig11
QAR.;1;dig12
LFCC+;1;dig11
IIIENNIIV+;1;dig9
ACIRG.;1;dig11
+NO+;1;dig8
Q+;1;dig9
+AEAD;1;dig8
CMLIC;1;dig12
+VSA+;1;dig8
EIPN.;1;dig4
PIRPOR;1;dig2
FCERAR+;1;dig5
PCAGCAP;1;dig8
CALLI.;1;dig5
VIC;1;dig10
CTPOM;1;dig8
FSFB;2;dig5
.IRGIN;1;dig9
FIGLINATREBECIANO;2;dig11
AELFO;1;dig8
+ILVCIXII+;1;dig5
+NIM+ISSI;1;dig4
D+;1;dig5
SEPT;1;dig11
PNN+;2;dig4
PNN+;1;dig11
LM+;1;dig7
SECVND;1;dig7
SECVND;1;dig10
SECVND;2;dig11
L;1;dig10
.FCSENTI;1;dig4
QCCC.;1;dig8
VIRG;3;dig6
VIRG;2;dig7
VIRG;6;dig8
VIRG;3;dig3
.AXOFER;1;dig8
MATDEFIGLINASMARSIA;2;dig5
SVBVLC.;1;dig5
LFCCVFSCAT;1;dig5
FIG+D;1;dig4
LF+;1;dig5
LF+;1;dig11
+CO.;1;dig10
DOM.;1;dig12
LFCCVFSCAL;1;dig5
+S+;1;dig11
ROD+;1;dig10
SAXOFER;2;dig8
Q+;3;dig8
VICTO.;1;dig11
+P+;1;dig9
FMFP;1;dig5
.CRV;1;dig4
NI+;1;dig10
+CEP;1;dig4
CAR.I;1;dig10
PN.;1;dig11
.HRYXXI;1;dig9
+NIMELISSIETMELISSE;1;dig5
FPAT+;2;dig11
CII+;1;dig10
+VIRG+;1;dig9
LAG.;1;dig11
CIALBF;1;dig6
+CI+R+;1;dig10
DITR;1;dig11
.NN;1;dig11
+FCCVFC+;1;dig4
+M.;1;dig11
+XOFER;1;dig10
AVGG+FIGVLCEPA;1;dig11
+CA+;1;dig4
F+;1;dig9
QFN;1;dig2
+II+;1;dig11
+FL;1;dig5
QFG;1;dig6
QFG;1;dig11
QFC;6;dig6
QFC;2;dig8
QFC;5;dig2
QFC;2;dig10
PNN;1;dig11
+C+;1;dig8
CIALB;1;dig6
CIALB;1;dig2
.AL+;1;dig12
.QA;1;dig11
Q+;1;dig12
ASVLEANOLL;2;dig2
+CCVFS;3;dig5
PRISCI;1;dig2
+MI;1;dig5
.SACXIII.;1;dig11
ENNIIVL;1;dig9
MAEMETPI;1;dig10
P+;2;dig4
P+;1;dig5
AVG+FI+;1;dig11
LIDFITALICAE;1;dig8
+RVS;1;dig11
+S;1;dig11
QI+;1;dig11
CAEIFB;3;dig1
.IT;1;dig5
FMFP;1;dig5
PR+VII+;1;dig4
LSPBOEQ;1;dig10
MLM+;1;dig9
ISCALIF;1;dig3
FCEPA;1;dig11
+FDCVN;1;dig10
LFMF;1;dig7
+M;1;dig9
MA+SI+;1;dig11
CALL+;1;dig11
PVALTEFA;1;dig7
PVALTEFA;1;dig3
+N.;1;dig4
+CSENTI;2;dig4
FM+;3;dig5
FCCV+;1;dig5
+SI;1;dig4
LFCCVFSCV;1;dig5
QIF.;1;dig6
CAS+;1;dig11
SECVN.;1;dig6
EQFA;5;dig12
+S;1;dig5
+QCCAE;1;dig11
+NF;1;dig4
AVGGGNNNCOLEARIFGR.;1;dig11
CCVS;1;dig11
+RICI;1;dig5
IINPETT+FIGMAC+;1;dig11
+FERRE.;1;dig5
+MXIEM+;1;dig11
LFCCVII+;1;dig11
+AT;1;dig4
+VC+;1;dig4
LIDFI;1;dig10
+AE;1;dig11
CTYC;1;dig9
F+;1;dig5
MFF;1;dig8
MFK;1;dig10
MFK;1;dig11
+E+EF;1;dig5
MEDIANAE;1;dig7
MFR;1;dig8
MFS;1;dig5
MFS;2;dig8
MFS;2;dig12
MFS;1;dig3
GEM;1;dig7
.ROTIS;1;dig5
+MR;1;dig12
IIIMINICIOR;1;dig11
+FR+A+;1;dig5
FVNBE.RPI;1;dig12
BVRB;1;dig11
.NNP;1;dig11
ICSA+F.;1;dig12
FLORI;1;dig4
+PAEF;1;dig5
FCEPA+;1;dig11
IIMVSAPS;1;dig2
HER;1;dig11
GENETI.;1;dig5
LFCSENTI;2;dig4
LFCSENTI;1;dig5
XMB;1;dig11
N;1;dig8
+CAT;1;dig4
IIIVNI+;1;dig6
SAXFERFTV;2;dig8
LCALIS+;1;dig8
NAT+;1;dig10
PMPS;1;dig2
+GED.PAEF;1;dig11
+MAEL.PA+;1;dig11
VLA+;3;dig11
.NN;1;dig11
+CV+DO;1;dig4
APS.;1;dig5
PALL+;1;dig11
CN+;1;dig9
QIM+;1;dig12
RESTVTI+;1;dig5
POPVL.;2;dig4
CORBE.;1;dig11
+ECA+;1;dig6
MILONF;1;dig5
MILONF;2;dig7
MILONF;6;dig3
LIVNIMELISSI;1;dig4
FC+;1;dig3
IIV+;1;dig10
ACIRGIF;2;dig11
LFCRDEP;1;dig11
LVN;1;dig4
PMOCVF;1;dig4
QNDPHI;1;dig8
QNDPHI;1;dig12
QNDPHI;1;dig10
+IS;1;dig8
IIIMIN.CIOR;1;dig11
IIIVNMELISSI+;1;dig5
+P;1;dig10
+P+;1;dig4
FCVC+;1;dig11
QIMF;1;dig12
+Y+ANI;1;dig11
+GGGNNN+VLBARBA;1;dig11
+FCCVFS+;1;dig5
QIMF.;1;dig2
QNDPRIM;1;dig12
PM+;1;dig4
+F+;1;dig5
LVPXIIII;1;dig11
QNDPRI;1;dig12
FFBEQ+;1;dig4
MFSGNQIAFSEN;1;dig11
QIMFS;1;dig1
MAIQ;1;dig7
FXIII;1;dig5
+FQF+;1;dig12
+AVGCC;1;dig10
.IM;1;dig9
IVN+;1;dig10
+FCCV+;1;dig5
PANRVF;3;dig2
IV+;1;dig10
LFCFP+;1;dig5
LOA;1;dig10
PM+LI.;1;dig11
.ONTIC+;1;dig4
PQA.;1;dig8
B+;1;dig5
+FERREO;1;dig5
+FERREO;1;dig12
LIDFITAL;1;dig1
ACIR+;1;dig11
+S.;1;dig5
O;2;dig8
O;1;dig10
LIDFITA;1;dig8
+VNIMELISSI.TMELISSE;1;dig5
NCCHREST;1;dig3
+FB+;1;dig5
+CVF+;1;dig11
IVN;1;dig8
+F+CAF+;1;dig4
MF+;1;dig4
CF+;1;dig11
+P;1;dig11
CAEFFM;3;dig12
PC+P;1;dig5
CITP.;1;dig8
+C;1;dig8
+F;1;dig5
+I;2;dig5
+I;1;dig11
+O;1;dig5
+O;1;dig8
+S;1;dig5
+S;1;dig11
+P;1;dig5
+P;1;dig11
TFAMV;7;dig4
TFAMV;2;dig5
+T;1;dig4
+T;3;dig11
+X;1;dig5
+CYMNIANI;1;dig11
+MVRINI;1;dig5
SAXOFE.;1;dig6
+N.;1;dig4
+ENNIVL;1;dig8
LFC+;1;dig4
+VA;1;dig11
LSPL+V.;2;dig11
FGRV+;1;dig11
FGRV+;1;dig3
MAM+;1;dig11
SALS;2;dig7
SALS;1;dig3
PCICELI+;1;dig9
AVRIHERACEPATGR;1;dig11
LI.;1;dig6
LI.;1;dig11
ACHB;3;dig8
ACHB;1;dig1
NICXII.;1;dig11
QSASER;1;dig8
QSASER;1;dig12
QSASER;2;dig1
POPVLI;1;dig10
+EY+;1;dig4
+CCFC;1;dig5
+FP;1;dig8
IIQAETS;1;dig7
IIQAETS;1;dig3
PNN.;1;dig11
MLII;1;dig10
QMFS;1;dig5
L+PQ+;1;dig4
DFTR;1;dig5
PCICELI;1;dig6
PCICELI;4;dig8
PCICELI;1;dig11
PCAEHER;1;dig6
PCAEHER;2;dig2
IIIE.NI+;1;dig10
RV+;1;dig10
FIG+;1;dig11
LFCD+;2;dig11
PCICELI;1;dig10
BVRB;1;dig4
BVRB;1;dig11
LAEL;1;dig12
LAEL;1;dig1
QSABEL;2;dig8
QSABEL;1;dig12
LAEF;2;dig7
ERO+;2;dig5
CPC;1;dig12
+N+;1;dig11
MEEVPO;5;dig2
PMOCVFIGEDO;5;dig4
LIS+CFS+;1;dig11
QPPHRY+;1;dig6
ARAXI+;1;dig11
LVCRE;1;dig4
IIMIN;1;dig4
LIMELISSICI;1;dig5
IE;1;dig3
MIM;1;dig10
+FN.;1;dig2
HERMESF;4;dig7
DORI;1;dig7
+N;2;dig4
+N;1;dig11
LAL;1;dig8
LAL;1;dig6
LAL;7;dig12
LAL;1;dig1
LAF;1;dig5
LAF;2;dig7
LAF;1;dig3
+MSEL;1;dig5
PMOC.FIGED.;1;dig4
+LERIA+;1;dig11
LIT;1;dig11
QAEAD;1;dig6
RIVES;1;dig5
IIIVNIM+ETMEL+;1;dig11
+PVLI;1;dig4
QFATS;1;dig12
FXIIII;3;dig5
QVIFS;1;dig11
QFRMED;1;dig11
QNDCAERA+;1;dig12
CHRESTI.;1;dig8
+MINAC+AL;1;dig4
IIAVRHERACLAEPATETFILFB+;1;dig11
LIDFITA;1;dig8
QVINTI;1;dig5
PRVNICIANI;3;dig4
MATDFMARSIANESSES;1;dig3
ROM+;1;dig11
+N+VT+;1;dig11
SMP;1;dig3
+OM;1;dig12
LFC+;1;dig11
FM;1;dig5
SAXOFERR+;1;dig12
+G;1;dig9
.N.;2;dig5
LFC;1;dig10
CLFC.;1;dig12
QF.;1;dig6
QF.;1;dig8
PARVA;3;dig11
PCLODICELI;2;dig8
PCLODICELI;2;dig10
MVS;3;dig7
+NI;1;dig10
AEMEVP;1;dig7
AEMEVP;2;dig3
MATDF+MA+;1;dig11
FSCIMNIANO;1;dig4
FSCIMNIANI;3;dig11
.IGBAR;1;dig4
PN+;1;dig11
ALF;1;dig10
+YCES.;1;dig4
F+;1;dig10
CAEFM;1;dig1
QESVSV;3;dig5
+CNNI.;1;dig10
FIGLINA+BECIAN.;1;dig11
+GGGNNN+EARIFCEP.;1;dig11
+Q;1;dig9
+LVI+;1;dig5
+FXIIII+;1;dig10
+ON+;1;dig12
QFC;1;dig10
SCAL;2;dig10
ABA;3;dig11
+LISSI+SSE;2;dig5
LMVE;6;dig2
IVCVND+;1;dig4
+CC;1;dig11
FXIIIII;1;dig11
+MF+;1;dig4
OPTATIF;1;dig5
QIM.;1;dig8
ENNIVLI;1;dig9
LFCCVFS;5;dig5
LFCCVFS;5;dig11
LFCCVFP;2;dig5
LFCCVFP;4;dig7
LFCCVFP;5;dig3
MCFRI;1;dig12
LFCCVFC;1;dig4
LFCCVFC;1;dig5
LS+S+;1;dig8
PRVNIC.;1;dig4
LFCCVFM;1;dig4
LFCCVFM;1;dig5
LFCCVFM;3;dig11
+IVN+;1;dig5
QMAS;1;dig7
SAXOFERRE.;1;dig12
+FI+;1;dig11
SPSE;1;dig1
PARVA;1;dig11
LFCRDEP;1;dig11
ECCVEPV.;1;dig11
LPO;1;dig8
+SEC+;1;dig7
LIMFPATE;2;dig5
.CAV;1;dig11
+BO;1;dig10
FCM+;1;dig10
+AR+;1;dig11
+FIN;1;dig7
CAVF+;3;dig5
LVPXII;1;dig11
RIVES;4;dig7
RIVES;2;dig3
VICTORINI;2;dig3
FLOS;5;dig5
FRIGD;1;dig9
CSACF+;1;dig12
MHASCL;1;dig11
AVG+;1;dig11
+LF+;1;dig11
V+;1;dig6
CSP;1;dig2
MCF.;1;dig11
BAIS;2;dig5
+R+;1;dig5
+N.;1;dig10
CMARP;1;dig3
GRADOS;1;dig4
GRADOS;1;dig5
GRADOS;2;dig11
.AVF+;1;dig5
LFFG;1;dig5
LFFG;7;dig7
LFFG;10;dig3
MAEMRVS;1;dig10
LFFC;4;dig5
LFFC;1;dig8
MCOR;1;dig9
+QY.;1;dig4
LFFV;2;dig7
LFFV;3;dig5
LFFV;3;dig3
LFFV;1;dig11
PN.;1;dig11
+QFLI;1;dig11
+VRELHERACLA+ETFILFC+;1;dig10
LISILVEST;1;dig11
VMFC;1;dig8
VMFC;2;dig12
+I+;1;dig5
CAS;4;dig4
VIRGIN;1;dig2
VIRGIN;2;dig10
LFFCAL;1;dig6
BAIS;2;dig5
AVGGGNNN+LEARIFBAR;1;dig11
MQ.F;1;dig12
QMR.;1;dig1
+IH+;2;dig11
P+;1;dig11
XIIIIH.;2;dig5
D+;1;dig8
+C+PR;1;dig12
+CC+FP;1;dig11
.FCCVFM;1;dig11
CLE+;1;dig12
MFC;1;dig4
+IHP;1;dig5
QPPHRYXI;1;dig6
GRADO;1;dig5
+ETFILFBA.;1;dig11
QIVLINIGRI;1;dig2
MAEMRVS;1;dig6
MAEMRVS;1;dig2
+ELPISTI;1;dig4
MAEARIKICIANI;1;dig10
QFC;1;dig9
+NINI;1;dig4
MCS;7;dig7
MCS;3;dig3
LF+;1;dig7
LF+;4;dig3
DEMOS+;1;dig11
IIIENNIIVL;2;dig2
+ANESSE.;1;dig11
LQR;1;dig5
LQS;3;dig7
LQS;2;dig3
LQS;3;dig11
ACIRGI;1;dig4
ACIRGI;2;dig7
ACIRGI;2;dig10
ACIRGI;1;dig3
LQA;2;dig4
LQA;1;dig5
LQA;3;dig11
AE+;1;dig6
+N;1;dig11
+R;1;dig11
S√çMBOLO;1;dig11
CEFP;1;dig6
CEFP;4;dig2
+DO;1;dig4
SAXXOFERREO;2;dig12
+F;1;dig11
+CCVCA.;1;dig4
+CE;1;dig1
GAPF;1;dig5
.MOCV.IGEDO;1;dig4
PMOCVFIGEDO;2;dig4
PMOCVFIGEDO;1;dig5
PMOCVFIGEDO;1;dig11
FIGLINACIRG+RIANI;1;dig11
EQFAT;2;dig12
FBELI;2;dig12
FBELI;3;dig1
IIIENNIORIVLIOR;1;dig8
IIIENNIORIVLIOR;1;dig11
+RMOC;1;dig2
IIIENNIORIVLIOR;1;dig9
CRA;4;dig4
CRA;3;dig5
CRA;1;dig8
.MPL;1;dig5
MCFR+;1;dig12
DFTRBT;1;dig3
ARVA;1;dig4
ARVA;3;dig11
FICCRV;1;dig4
.N.;1;dig11
.SABEL;1;dig8
+VEL;1;dig11
SEC+;1;dig11
+ESTRI;1;dig11
HQF+;1;dig6
FBELLI;1;dig12
+EAV;1;dig11
+AG+;1;dig1
CIDVIII.;1;dig11
CAS;1;dig4
LCP;1;dig7
POPV+;2;dig4
PO+;1;dig4
.ATDEF+ASMARSIA;1;dig4
LCM;2;dig7
+S+NI+;1;dig5
+AGD+;1;dig10
FIGME.;1;dig4
FIGME.;1;dig10
AVGG.;1;dig11
+ELISSI+ISSE;1;dig5
PN+;1;dig4
+NA+;1;dig4
F.GEDPPAEF;1;dig6
MQFF;1;dig5
MQFF;2;dig12
MQFF;2;dig1
FCCVFPAC;1;dig5
CELERINI;1;dig5
PHILETV+;1;dig8
+AR+;1;dig5
+NACRETCAL;1;dig11
SCALES;1;dig6
ALFO;5;dig12
ALFO;4;dig8
ALFO;4;dig1
SEC+;1;dig10
NF.;1;dig11
.CCV+;1;dig11
QSASC;1;dig8
QSASC;2;dig1
MFEPAPHRODITI;1;dig1
VIRAV;2;dig1
CALLIS;2;dig4
CALLIS;1;dig5
CALLIS;1;dig7
CALLIS;2;dig11
+VFS;1;dig11
FSC+;1;dig3
RVFIPO;1;dig6
QI.;1;dig4
+VLC;1;dig10
SCAL;2;dig12
SCAL;1;dig2
PPC;3;dig7
+IDFIX+;1;dig12
AFV;1;dig9
+LF+ACE+;1;dig5
GAF;1;dig5
GAF;1;dig12
TAN;1;dig10
LIV+LIS+;1;dig11
.CN.;1;dig11
ALB+CIRC;1;dig11
HRM;1;dig4
+NR+;1;dig10
PQAR;1;dig8
QSSATVRNINI;2;dig2
.NAEC;1;dig8
FICB+;1;dig4
VIRGIN;1;dig2
.ATZCOL;2;dig10
TIV;1;dig2
QNDAND;1;dig12
QNDAND;1;dig8
+SP;1;dig11
+GEDPPAEF;1;dig5
QIM;8;dig7
QIM;6;dig3
THERTHY;1;dig5
FPATERNI;3;dig5
QIA;1;dig1
.AXOFERRI;1;dig6
+VII.;1;dig11
LFFC;1;dig5
+VAL+;1;dig4
+PNSL+;1;dig7
.IRGIN;1;dig10
LSLS;2;dig2
P+;2;dig11
MF.;1;dig5
MF.;1;dig11
MATMCITNATS.;1;dig4
+FP;1;dig4
.FCCVFP;1;dig5
FIG+;2;dig4
+AE+EPAR;1;dig11
LIVNIM+;1;dig11
IICLM;1;dig8
LLF;1;dig7
+N+P;1;dig6
+F;1;dig7
+F;1;dig3
+S;2;dig7
Q+Q;1;dig12
SAXOFERREO;1;dig7
SAXOFERREO;9;dig12
SAXOFERREO;4;dig1
PQAR.;1;dig12
TFA+;2;dig4
LIS;1;dig11
+CO+VLE+;1;dig11
AVGNNN;1;dig11
FM+;2;dig4
LFCCV.;1;dig11
+VLII+;1;dig4
+LFCC+;1;dig11
AQFVA;2;dig8
AQFVA;2;dig1
+NACI+M+;1;dig11
PMV;2;dig7
PMS;1;dig7
PMS;1;dig8
+GGNNN+GVLCE+;1;dig11
FELIC;6;dig2
+SIDI+;1;dig11
+VCV;1;dig11
FEL;1;dig4
MC+;1;dig12
QNDPRI;1;dig12
GNACOR;4;dig8
LFC.D+;1;dig11
CLIFIS.;1;dig11
PVFAVSTINI;1;dig6
PVFAVSTINI;5;dig2
CFPP;1;dig11
EFPO;1;dig6
EFPO;1;dig8
N+FD+;1;dig11
LFCDV+;1;dig11
+OR+;1;dig8
LFCC+;2;dig11
EVHEL+;1;dig4
MFFB;1;dig7
FCVCVM;4;dig4
FCVCVM;1;dig11
CIB;1;dig2
+CR+;1;dig11
.XIIII;2;dig5
MSP;1;dig7
CIS;1;dig5
LFCCV+;3;dig5
LFCCV+;1;dig11
LFCRDEP;1;dig11
EQF.;1;dig8
PNN+;1;dig11
+FC+;1;dig5
+FC+;1;dig11
PCHO;1;dig8
PCHO;3;dig12
PCHO;1;dig2
I+;1;dig4
GAV+;3;dig5
+M+ISSI;1;dig11
+BA+;1;dig5
CELERI+;1;dig5
LIDFITAL;1;dig12
.VHEL.;1;dig4
FX+;1;dig5
FX+;1;dig3
ASVLE;1;dig4
ASVLE;3;dig11
LFCCVFS+;1;dig5
L+;1;dig5
